Type,Subtype,Sequence,pfHRP2,pfHRP3
1,1,AHHAHHVAD,TRUE,TRUE
1,2,AHHAHHVAY,TRUE,FALSE
1,3,AHHAHHGAE,FALSE,TRUE
1,4,AHHAHHVPD,TRUE,FALSE
1,5,AHHSHHVAD,FALSE,TRUE
1,6,AHHTHHVAD,TRUE,FALSE
1,7,AHQAHHVAD,FALSE,TRUE
1,8,AQHAHHVAD,FALSE,TRUE
2,1,AHHAHHAAD,TRUE,FALSE
2,2,AHHADHAAD,TRUE,FALSE
2,3,AHHAHHAAH,TRUE,FALSE
2,4,AHHAHHADD,TRUE,FALSE
2,5,AHHAHHADH,TRUE,FALSE
2,6,AHHAHHAPD,TRUE,FALSE
2,7,AHHAHHAPH,TRUE,FALSE
4,1,AHH,TRUE,FALSE
4,2,AHQ,TRUE,FALSE
4,3,ADH,TRUE,FALSE
5,1,AHHAHHASD,TRUE,FALSE
5,2,AHHAPHASD,TRUE,FALSE
5,3,AHHDHHASD,TRUE,FALSE
6,1,AHHATD,TRUE,FALSE
6,2,AHHATH,TRUE,FALSE
7,1,AHHAAD,TRUE,TRUE
7,2,AHHAPD,TRUE,FALSE
7,3,AHHADD,FALSE,TRUE
7,4,AHHAAH,TRUE,FALSE
7,5,AHHADD,TRUE,FALSE
7,6,AHHAHD,TRUE,FALSE
7,7,AHHAND,TRUE,FALSE
7,8,AHHANH,TRUE,FALSE
8,1,AHHAAY,TRUE,FALSE
8,2,AHHADY,TRUE,FALSE
10,1,AHHAAAHHATD,TRUE,FALSE
10,2,AHHAAAHDAND,TRUE,FALSE
10,3,AHHAAAHHAND,TRUE,FALSE
10,4,AHHAAAHHATG,TRUE,FALSE
10,5,AHHAATHHATD,TRUE,TRUE
12,1,AHHAAAHHEAATH,TRUE,FALSE
12,2,ADHAAAHDDAATH,TRUE,FALSE
12,3,ADHAAAHHEAATH,TRUE,FALSE
12,4,AHHAAAHDDHATH,TRUE,FALSE
12,5,AHHAAAHDEAATH,TRUE,FALSE
12,6,AHHAAAHHEAAAH,TRUE,FALSE
12,7,AHHAAAHHEAASH,TRUE,FALSE
12,8,AHHAAAHHESATH,TRUE,FALSE
12,9,AHHAAAHHHAATH,TRUE,FALSE
12,10,AHHAAAHPEAATH,TRUE,FALSE
12,11,AHHAAPHHEAATH,TRUE,FALSE
12,12,AHHADAHHDAATH,TRUE,FALSE
13,1,AHHASD,TRUE,FALSE
13,2,AHHASH,TRUE,FALSE
15,1,AHHAHHAAN,FALSE,TRUE
15,2,AHHAHHAPH,FALSE,TRUE
16,1,AHHAAN,FALSE,TRUE
16,2,AHHAAH,FALSE,TRUE
16,3,AHHADN,FALSE,TRUE
16,4,AHHAPH,FALSE,TRUE
16,5,AHHASN,FALSE,TRUE
16,6,AHHTAN,FALSE,TRUE
16,7,AHQADN,FALSE,TRUE
16,8,AYHASH,FALSE,TRUE
17,1,AHHDG,FALSE,TRUE
17,2,AHHDE,FALSE,TRUE
17,3,AHHDH,FALSE,TRUE
17,4,AHYDG,FALSE,TRUE
17,5,PHHDG,FALSE,TRUE
17,6,PHQDG,FALSE,TRUE
17,7,SHHDG,FALSE,TRUE
18,1,AHHDD,FALSE,TRUE
18,2,APHDD,FALSE,TRUE