Type,Sequence,PfHRP2,PfHRP3
1,AHHAHHVAD,TRUE,TRUE
2,AHHAHHAAD,TRUE,TRUE
3,AHHAHHAAY,TRUE,FALSE
4,AHH,TRUE,TRUE
5,AHHAHHASD,TRUE,FALSE
6,AHHATD,TRUE,FALSE
7,AHHAAD,TRUE,TRUE
8,AHHAAY,TRUE,FALSE
9,AAY,TRUE,FALSE
10,AHHAAAHHATD,TRUE,FALSE
11,AHN,TRUE,FALSE
12,AHHAAAHHEAATH,TRUE,FALSE
13,AHHASD,TRUE,FALSE
14,AHHAHHATD,TRUE,FALSE
15,AHHAHHAAN,FALSE,TRUE
16,AHHAAN,FALSE,TRUE
17,AHHDG,FALSE,TRUE
18,AHHDD,FALSE,TRUE
19,AHHAA,TRUE,FALSE
20,SHHDD,TRUE,TRUE
21,AHHAHHATY,TRUE,FALSE
22,AHHAHHAGD,TRUE,FALSE
23,ARHAAD,TRUE,FALSE
24,AHHTHHAAD,TRUE,FALSE