id,Location,Type,Count
HAss14,Asosa,1,9
HAss42,Asosa,1,9
HKum11,Kurmuk,1,9
HShr118,Sherkole,1,9
HShr122,Sherkole,1,9
HShr17,Sherkole,1,9
HShr49,Sherkole,1,9
HShr70,Sherkole,1,9
HShr80,Sherkole,1,9
HShr82,Sherkole,1,9
HKum47,Kurmuk,1,9
HShr86,Sherkole,1,9
HShr98,Sherkole,1,9
LKum28,Kurmuk,1,9
LKum61,Kurmuk,1,9
LKum74,Kurmuk,1,9
LShr108,Sherkole,1,9
LShr112,Sherkole,1,9
LShr116,Sherkole,1,9
LShr132,Sherkole,1,9
LShr133,Sherkole,1,9
LShr157,Sherkole,1,9
LShr165,Sherkole,1,9
LShr171,Sherkole,1,9
LShr177,Sherkole,1,9
LShr44,Sherkole,1,9
LShr64,Sherkole,1,9
LShr86,Sherkole,1,9
HAss35,Asosa,1,0
HKum57,Kurmuk,1,0
HKum67,Kurmuk,1,9
HShr105,Sherkole,1,9
HShr12,Sherkole,1,9
HShr133,Sherkole,1,9
HShr3,Sherkole,1,9
HShr44,Sherkole,1,9
HShr48,Sherkole,1,9
HShr64,Sherkole,1,9
HShr87,Sherkole,1,9
LKum58,Kurmuk,1,9
LShr61,Sherkole,1,9
LShr73,Sherkole,1,9
HAss23,Asosa,1,9
HAss39,Asosa,1,9
HKum19,Kurmuk,1,9
HKum34,Kurmuk,1,9
HShr114,Sherkole,1,9
HShr126,Sherkole,1,9
HShr14,Sherkole,1,9
HShr146,Sherkole,1,9
HShr148,Sherkole,1,9
HShr161,Sherkole,1,9
HShr182,Sherkole,1,9
HShr31,Sherkole,1,9
HShr45,Sherkole,1,9
HShr65,Sherkole,1,0
HShr71,Sherkole,1,9
HShr77,Sherkole,1,9
HShr88,Sherkole,1,9
HShr96,Sherkole,1,9
LAss15,Asosa,1,9
LKum12,Kurmuk,1,0
LKum17,Kurmuk,1,9
LShr3,Sherkole,1,9
LShr5,Sherkole,1,9
HBab18,Bambasi,1,9
HBab23,Bambasi,1,9
HBab24,Bambasi,1,9
HBab25,Bambasi,1,9
HBab47,Bambasi,1,9
HBab48,Bambasi,1,9
HBab49,Bambasi,1,9
HBab50,Bambasi,1,9
HBab64,Bambasi,1,9
HBab66,Bambasi,1,9
HBab68,Bambasi,1,9
HBab92,Bambasi,1,9
HAss51,Asosa,1,9
HBab7,Bambasi,1,9
HBab75,Bambasi,1,9
HBab80,Bambasi,1,9
HBab81,Bambasi,1,9
HShr35,Sherkole,1,9
LBab37,Bambasi,1,9
LBab56,Bambasi,1,9
LBab57,Bambasi,1,9
LBab67,Bambasi,1,9
LBab82,Bambasi,1,9
HBab9,Bambasi,1,0
HBab21,Bambasi,1,9
HBab37,Bambasi,1,9
LBab1,Bambasi,1,9
LBab30,Bambasi,1,9
HBab13,Bambasi,1,9
HBab15,Bambasi,1,9
HBab17,Bambasi,1,9
HBab79,Bambasi,1,9
HBab95,Bambasi,1,9
HBab100,Bambasi,1,9
HBab118,Bambasi,1,9
LBab98,Bambasi,1,9
HKum9,Kurmuk,1,9
HAss14,Asosa,2,9
HAss42,Asosa,2,9
HKum11,Kurmuk,2,9
HShr118,Sherkole,2,9
HShr122,Sherkole,2,9
HShr17,Sherkole,2,9
HShr49,Sherkole,2,9
HShr70,Sherkole,2,9
HShr80,Sherkole,2,9
HShr82,Sherkole,2,9
HKum47,Kurmuk,2,9
HShr86,Sherkole,2,9
HShr98,Sherkole,2,9
LKum28,Kurmuk,2,9
LKum61,Kurmuk,2,9
LKum74,Kurmuk,2,9
LShr108,Sherkole,2,9
LShr112,Sherkole,2,9
LShr116,Sherkole,2,9
LShr132,Sherkole,2,9
LShr133,Sherkole,2,9
LShr157,Sherkole,2,9
LShr165,Sherkole,2,9
LShr171,Sherkole,2,9
LShr177,Sherkole,2,9
LShr44,Sherkole,2,9
LShr64,Sherkole,2,9
LShr86,Sherkole,2,9
HAss35,Asosa,2,0
HKum57,Kurmuk,2,9
HKum67,Kurmuk,2,9
HShr105,Sherkole,2,9
HShr12,Sherkole,2,0
HShr133,Sherkole,2,9
HShr3,Sherkole,2,9
HShr44,Sherkole,2,9
HShr48,Sherkole,2,9
HShr64,Sherkole,2,9
HShr87,Sherkole,2,9
LKum58,Kurmuk,2,0
LShr61,Sherkole,2,0
LShr73,Sherkole,2,9
HAss23,Asosa,2,9
HAss39,Asosa,2,9
HKum19,Kurmuk,2,9
HKum34,Kurmuk,2,9
HShr114,Sherkole,2,9
HShr126,Sherkole,2,9
HShr14,Sherkole,2,9
HShr146,Sherkole,2,9
HShr148,Sherkole,2,9
HShr161,Sherkole,2,9
HShr182,Sherkole,2,9
HShr31,Sherkole,2,9
HShr45,Sherkole,2,9
HShr65,Sherkole,2,9
HShr71,Sherkole,2,0
HShr77,Sherkole,2,9
HShr88,Sherkole,2,9
HShr96,Sherkole,2,9
LAss15,Asosa,2,9
LKum12,Kurmuk,2,9
LKum17,Kurmuk,2,9
LShr3,Sherkole,2,0
LShr5,Sherkole,2,9
HBab18,Bambasi,2,9
HBab23,Bambasi,2,9
HBab24,Bambasi,2,9
HBab25,Bambasi,2,9
HBab47,Bambasi,2,9
HBab48,Bambasi,2,9
HBab49,Bambasi,2,9
HBab50,Bambasi,2,9
HBab64,Bambasi,2,9
HBab66,Bambasi,2,9
HBab68,Bambasi,2,9
HBab92,Bambasi,2,9
HAss51,Asosa,2,9
HBab7,Bambasi,2,9
HBab75,Bambasi,2,9
HBab80,Bambasi,2,9
HBab81,Bambasi,2,9
HShr35,Sherkole,2,9
LBab37,Bambasi,2,9
LBab56,Bambasi,2,9
LBab57,Bambasi,2,9
LBab67,Bambasi,2,9
LBab82,Bambasi,2,9
HBab9,Bambasi,2,0
HBab21,Bambasi,2,9
HBab37,Bambasi,2,9
LBab1,Bambasi,2,9
LBab30,Bambasi,2,9
HBab13,Bambasi,2,9
HBab15,Bambasi,2,9
HBab17,Bambasi,2,9
HBab79,Bambasi,2,9
HBab95,Bambasi,2,9
HBab100,Bambasi,2,9
HBab118,Bambasi,2,9
LBab98,Bambasi,2,9
HKum9,Kurmuk,2,0
HAss14,Asosa,3,9
HAss42,Asosa,3,9
HKum11,Kurmuk,3,9
HShr118,Sherkole,3,9
HShr122,Sherkole,3,9
HShr17,Sherkole,3,9
HShr49,Sherkole,3,9
HShr70,Sherkole,3,9
HShr80,Sherkole,3,9
HShr82,Sherkole,3,9
HKum47,Kurmuk,3,9
HShr86,Sherkole,3,9
HShr98,Sherkole,3,0
LKum28,Kurmuk,3,0
LKum61,Kurmuk,3,9
LKum74,Kurmuk,3,9
LShr108,Sherkole,3,9
LShr112,Sherkole,3,9
LShr116,Sherkole,3,9
LShr132,Sherkole,3,0
LShr133,Sherkole,3,9
LShr157,Sherkole,3,9
LShr165,Sherkole,3,9
LShr171,Sherkole,3,9
LShr177,Sherkole,3,9
LShr44,Sherkole,3,9
LShr64,Sherkole,3,9
LShr86,Sherkole,3,9
HAss35,Asosa,3,0
HKum57,Kurmuk,3,0
HKum67,Kurmuk,3,9
HShr105,Sherkole,3,9
HShr12,Sherkole,3,0
HShr133,Sherkole,3,0
HShr3,Sherkole,3,9
HShr44,Sherkole,3,9
HShr48,Sherkole,3,0
HShr64,Sherkole,3,0
HShr87,Sherkole,3,0
LKum58,Kurmuk,3,9
LShr61,Sherkole,3,0
LShr73,Sherkole,3,9
HAss23,Asosa,3,9
HAss39,Asosa,3,9
HKum19,Kurmuk,3,0
HKum34,Kurmuk,3,9
HShr114,Sherkole,3,9
HShr126,Sherkole,3,0
HShr14,Sherkole,3,9
HShr146,Sherkole,3,9
HShr148,Sherkole,3,9
HShr161,Sherkole,3,9
HShr182,Sherkole,3,0
HShr31,Sherkole,3,0
HShr45,Sherkole,3,0
HShr65,Sherkole,3,0
HShr71,Sherkole,3,0
HShr77,Sherkole,3,9
HShr88,Sherkole,3,0
HShr96,Sherkole,3,9
LAss15,Asosa,3,0
LKum12,Kurmuk,3,9
LKum17,Kurmuk,3,9
LShr3,Sherkole,3,0
LShr5,Sherkole,3,9
HBab18,Bambasi,3,9
HBab23,Bambasi,3,0
HBab24,Bambasi,3,9
HBab25,Bambasi,3,0
HBab47,Bambasi,3,9
HBab48,Bambasi,3,9
HBab49,Bambasi,3,0
HBab50,Bambasi,3,9
HBab64,Bambasi,3,9
HBab66,Bambasi,3,9
HBab68,Bambasi,3,9
HBab92,Bambasi,3,0
HAss51,Asosa,3,0
HBab7,Bambasi,3,0
HBab75,Bambasi,3,9
HBab80,Bambasi,3,9
HBab81,Bambasi,3,9
HShr35,Sherkole,3,9
LBab37,Bambasi,3,9
LBab56,Bambasi,3,0
LBab57,Bambasi,3,9
LBab67,Bambasi,3,9
LBab82,Bambasi,3,9
HBab9,Bambasi,3,0
HBab21,Bambasi,3,0
HBab37,Bambasi,3,9
LBab1,Bambasi,3,0
LBab30,Bambasi,3,9
HBab13,Bambasi,3,0
HBab15,Bambasi,3,0
HBab17,Bambasi,3,0
HBab79,Bambasi,3,9
HBab95,Bambasi,3,0
HBab100,Bambasi,3,9
HBab118,Bambasi,3,9
LBab98,Bambasi,3,9
HKum9,Kurmuk,3,0
HAss14,Asosa,4,3
HAss42,Asosa,4,3
HKum11,Kurmuk,4,3
HShr118,Sherkole,4,3
HShr122,Sherkole,4,3
HShr17,Sherkole,4,3
HShr49,Sherkole,4,3
HShr70,Sherkole,4,3
HShr80,Sherkole,4,3
HShr82,Sherkole,4,3
HKum47,Kurmuk,4,3
HShr86,Sherkole,4,3
HShr98,Sherkole,4,3
LKum28,Kurmuk,4,3
LKum61,Kurmuk,4,3
LKum74,Kurmuk,4,3
LShr108,Sherkole,4,3
LShr112,Sherkole,4,3
LShr116,Sherkole,4,3
LShr132,Sherkole,4,3
LShr133,Sherkole,4,3
LShr157,Sherkole,4,3
LShr165,Sherkole,4,3
LShr171,Sherkole,4,3
LShr177,Sherkole,4,3
LShr44,Sherkole,4,3
LShr64,Sherkole,4,3
LShr86,Sherkole,4,3
HAss35,Asosa,4,3
HKum57,Kurmuk,4,3
HKum67,Kurmuk,4,3
HShr105,Sherkole,4,3
HShr12,Sherkole,4,3
HShr133,Sherkole,4,3
HShr3,Sherkole,4,3
HShr44,Sherkole,4,3
HShr48,Sherkole,4,3
HShr64,Sherkole,4,3
HShr87,Sherkole,4,3
LKum58,Kurmuk,4,3
LShr61,Sherkole,4,3
LShr73,Sherkole,4,3
HAss23,Asosa,4,3
HAss39,Asosa,4,3
HKum19,Kurmuk,4,3
HKum34,Kurmuk,4,3
HShr114,Sherkole,4,3
HShr126,Sherkole,4,3
HShr14,Sherkole,4,3
HShr146,Sherkole,4,3
HShr148,Sherkole,4,3
HShr161,Sherkole,4,3
HShr182,Sherkole,4,3
HShr31,Sherkole,4,3
HShr45,Sherkole,4,3
HShr65,Sherkole,4,3
HShr71,Sherkole,4,3
HShr77,Sherkole,4,3
HShr88,Sherkole,4,3
HShr96,Sherkole,4,3
LAss15,Asosa,4,3
LKum12,Kurmuk,4,3
LKum17,Kurmuk,4,3
LShr3,Sherkole,4,3
LShr5,Sherkole,4,3
HBab18,Bambasi,4,3
HBab23,Bambasi,4,3
HBab24,Bambasi,4,3
HBab25,Bambasi,4,3
HBab47,Bambasi,4,3
HBab48,Bambasi,4,3
HBab49,Bambasi,4,3
HBab50,Bambasi,4,3
HBab64,Bambasi,4,3
HBab66,Bambasi,4,3
HBab68,Bambasi,4,3
HBab92,Bambasi,4,3
HAss51,Asosa,4,3
HBab7,Bambasi,4,3
HBab75,Bambasi,4,3
HBab80,Bambasi,4,3
HBab81,Bambasi,4,3
HShr35,Sherkole,4,3
LBab37,Bambasi,4,3
LBab56,Bambasi,4,3
LBab57,Bambasi,4,3
LBab67,Bambasi,4,3
LBab82,Bambasi,4,3
HBab9,Bambasi,4,3
HBab21,Bambasi,4,3
HBab37,Bambasi,4,3
LBab1,Bambasi,4,3
LBab30,Bambasi,4,3
HBab13,Bambasi,4,3
HBab15,Bambasi,4,3
HBab17,Bambasi,4,3
HBab79,Bambasi,4,3
HBab95,Bambasi,4,3
HBab100,Bambasi,4,3
HBab118,Bambasi,4,3
LBab98,Bambasi,4,3
HKum9,Kurmuk,4,3
HAss14,Asosa,5,0
HAss42,Asosa,5,0
HKum11,Kurmuk,5,9
HShr118,Sherkole,5,9
HShr122,Sherkole,5,9
HShr17,Sherkole,5,9
HShr49,Sherkole,5,9
HShr70,Sherkole,5,9
HShr80,Sherkole,5,9
HShr82,Sherkole,5,9
HKum47,Kurmuk,5,9
HShr86,Sherkole,5,9
HShr98,Sherkole,5,9
LKum28,Kurmuk,5,0
LKum61,Kurmuk,5,9
LKum74,Kurmuk,5,9
LShr108,Sherkole,5,9
LShr112,Sherkole,5,9
LShr116,Sherkole,5,9
LShr132,Sherkole,5,9
LShr133,Sherkole,5,9
LShr157,Sherkole,5,9
LShr165,Sherkole,5,9
LShr171,Sherkole,5,9
LShr177,Sherkole,5,9
LShr44,Sherkole,5,9
LShr64,Sherkole,5,9
LShr86,Sherkole,5,9
HAss35,Asosa,5,0
HKum57,Kurmuk,5,0
HKum67,Kurmuk,5,9
HShr105,Sherkole,5,0
HShr12,Sherkole,5,0
HShr133,Sherkole,5,0
HShr3,Sherkole,5,0
HShr44,Sherkole,5,9
HShr48,Sherkole,5,0
HShr64,Sherkole,5,0
HShr87,Sherkole,5,0
LKum58,Kurmuk,5,9
LShr61,Sherkole,5,0
LShr73,Sherkole,5,9
HAss23,Asosa,5,9
HAss39,Asosa,5,9
HKum19,Kurmuk,5,0
HKum34,Kurmuk,5,9
HShr114,Sherkole,5,9
HShr126,Sherkole,5,0
HShr14,Sherkole,5,9
HShr146,Sherkole,5,9
HShr148,Sherkole,5,9
HShr161,Sherkole,5,0
HShr182,Sherkole,5,0
HShr31,Sherkole,5,0
HShr45,Sherkole,5,9
HShr65,Sherkole,5,0
HShr71,Sherkole,5,0
HShr77,Sherkole,5,0
HShr88,Sherkole,5,0
HShr96,Sherkole,5,0
LAss15,Asosa,5,0
LKum12,Kurmuk,5,0
LKum17,Kurmuk,5,9
LShr3,Sherkole,5,0
LShr5,Sherkole,5,9
HBab18,Bambasi,5,0
HBab23,Bambasi,5,0
HBab24,Bambasi,5,9
HBab25,Bambasi,5,9
HBab47,Bambasi,5,9
HBab48,Bambasi,5,0
HBab49,Bambasi,5,0
HBab50,Bambasi,5,9
HBab64,Bambasi,5,9
HBab66,Bambasi,5,9
HBab68,Bambasi,5,9
HBab92,Bambasi,5,9
HAss51,Asosa,5,0
HBab7,Bambasi,5,0
HBab75,Bambasi,5,9
HBab80,Bambasi,5,9
HBab81,Bambasi,5,9
HShr35,Sherkole,5,9
LBab37,Bambasi,5,0
LBab56,Bambasi,5,0
LBab57,Bambasi,5,9
LBab67,Bambasi,5,0
LBab82,Bambasi,5,0
HBab9,Bambasi,5,9
HBab21,Bambasi,5,0
HBab37,Bambasi,5,9
LBab1,Bambasi,5,0
LBab30,Bambasi,5,9
HBab13,Bambasi,5,0
HBab15,Bambasi,5,0
HBab17,Bambasi,5,0
HBab79,Bambasi,5,0
HBab95,Bambasi,5,0
HBab100,Bambasi,5,9
HBab118,Bambasi,5,9
LBab98,Bambasi,5,0
HKum9,Kurmuk,5,0
HAss14,Asosa,6,6
HAss42,Asosa,6,6
HKum11,Kurmuk,6,6
HShr118,Sherkole,6,6
HShr122,Sherkole,6,6
HShr17,Sherkole,6,6
HShr49,Sherkole,6,6
HShr70,Sherkole,6,6
HShr80,Sherkole,6,6
HShr82,Sherkole,6,6
HKum47,Kurmuk,6,6
HShr86,Sherkole,6,6
HShr98,Sherkole,6,6
LKum28,Kurmuk,6,6
LKum61,Kurmuk,6,6
LKum74,Kurmuk,6,6
LShr108,Sherkole,6,6
LShr112,Sherkole,6,6
LShr116,Sherkole,6,6
LShr132,Sherkole,6,6
LShr133,Sherkole,6,6
LShr157,Sherkole,6,6
LShr165,Sherkole,6,6
LShr171,Sherkole,6,6
LShr177,Sherkole,6,6
LShr44,Sherkole,6,6
LShr64,Sherkole,6,6
LShr86,Sherkole,6,6
HAss35,Asosa,6,0
HKum57,Kurmuk,6,6
HKum67,Kurmuk,6,6
HShr105,Sherkole,6,6
HShr12,Sherkole,6,6
HShr133,Sherkole,6,6
HShr3,Sherkole,6,6
HShr44,Sherkole,6,6
HShr48,Sherkole,6,6
HShr64,Sherkole,6,6
HShr87,Sherkole,6,6
LKum58,Kurmuk,6,0
LShr61,Sherkole,6,0
LShr73,Sherkole,6,6
HAss23,Asosa,6,6
HAss39,Asosa,6,6
HKum19,Kurmuk,6,6
HKum34,Kurmuk,6,6
HShr114,Sherkole,6,6
HShr126,Sherkole,6,6
HShr14,Sherkole,6,6
HShr146,Sherkole,6,6
HShr148,Sherkole,6,6
HShr161,Sherkole,6,6
HShr182,Sherkole,6,6
HShr31,Sherkole,6,6
HShr45,Sherkole,6,6
HShr65,Sherkole,6,6
HShr71,Sherkole,6,0
HShr77,Sherkole,6,0
HShr88,Sherkole,6,6
HShr96,Sherkole,6,6
LAss15,Asosa,6,0
LKum12,Kurmuk,6,6
LKum17,Kurmuk,6,6
LShr3,Sherkole,6,6
LShr5,Sherkole,6,6
HBab18,Bambasi,6,6
HBab23,Bambasi,6,6
HBab24,Bambasi,6,6
HBab25,Bambasi,6,6
HBab47,Bambasi,6,6
HBab48,Bambasi,6,6
HBab49,Bambasi,6,6
HBab50,Bambasi,6,6
HBab64,Bambasi,6,6
HBab66,Bambasi,6,6
HBab68,Bambasi,6,6
HBab92,Bambasi,6,6
HAss51,Asosa,6,6
HBab7,Bambasi,6,0
HBab75,Bambasi,6,6
HBab80,Bambasi,6,6
HBab81,Bambasi,6,6
HShr35,Sherkole,6,6
LBab37,Bambasi,6,6
LBab56,Bambasi,6,6
LBab57,Bambasi,6,6
LBab67,Bambasi,6,6
LBab82,Bambasi,6,6
HBab9,Bambasi,6,6
HBab21,Bambasi,6,6
HBab37,Bambasi,6,6
LBab1,Bambasi,6,6
LBab30,Bambasi,6,6
HBab13,Bambasi,6,6
HBab15,Bambasi,6,6
HBab17,Bambasi,6,6
HBab79,Bambasi,6,6
HBab95,Bambasi,6,6
HBab100,Bambasi,6,6
HBab118,Bambasi,6,6
LBab98,Bambasi,6,6
HKum9,Kurmuk,6,0
HAss14,Asosa,7,6
HAss42,Asosa,7,6
HKum11,Kurmuk,7,6
HShr118,Sherkole,7,6
HShr122,Sherkole,7,6
HShr17,Sherkole,7,6
HShr49,Sherkole,7,6
HShr70,Sherkole,7,6
HShr80,Sherkole,7,6
HShr82,Sherkole,7,6
HKum47,Kurmuk,7,6
HShr86,Sherkole,7,6
HShr98,Sherkole,7,6
LKum28,Kurmuk,7,6
LKum61,Kurmuk,7,6
LKum74,Kurmuk,7,6
LShr108,Sherkole,7,6
LShr112,Sherkole,7,6
LShr116,Sherkole,7,6
LShr132,Sherkole,7,6
LShr133,Sherkole,7,6
LShr157,Sherkole,7,6
LShr165,Sherkole,7,6
LShr171,Sherkole,7,6
LShr177,Sherkole,7,6
LShr44,Sherkole,7,6
LShr64,Sherkole,7,6
LShr86,Sherkole,7,6
HAss35,Asosa,7,0
HKum57,Kurmuk,7,6
HKum67,Kurmuk,7,6
HShr105,Sherkole,7,6
HShr12,Sherkole,7,6
HShr133,Sherkole,7,6
HShr3,Sherkole,7,6
HShr44,Sherkole,7,6
HShr48,Sherkole,7,6
HShr64,Sherkole,7,6
HShr87,Sherkole,7,6
LKum58,Kurmuk,7,6
LShr61,Sherkole,7,0
LShr73,Sherkole,7,6
HAss23,Asosa,7,6
HAss39,Asosa,7,6
HKum19,Kurmuk,7,6
HKum34,Kurmuk,7,6
HShr114,Sherkole,7,6
HShr126,Sherkole,7,6
HShr14,Sherkole,7,6
HShr146,Sherkole,7,6
HShr148,Sherkole,7,6
HShr161,Sherkole,7,6
HShr182,Sherkole,7,6
HShr31,Sherkole,7,6
HShr45,Sherkole,7,6
HShr65,Sherkole,7,6
HShr71,Sherkole,7,0
HShr77,Sherkole,7,6
HShr88,Sherkole,7,6
HShr96,Sherkole,7,6
LAss15,Asosa,7,6
LKum12,Kurmuk,7,6
LKum17,Kurmuk,7,6
LShr3,Sherkole,7,0
LShr5,Sherkole,7,6
HBab18,Bambasi,7,6
HBab23,Bambasi,7,6
HBab24,Bambasi,7,6
HBab25,Bambasi,7,6
HBab47,Bambasi,7,6
HBab48,Bambasi,7,6
HBab49,Bambasi,7,6
HBab50,Bambasi,7,6
HBab64,Bambasi,7,6
HBab66,Bambasi,7,6
HBab68,Bambasi,7,6
HBab92,Bambasi,7,6
HAss51,Asosa,7,6
HBab7,Bambasi,7,6
HBab75,Bambasi,7,6
HBab80,Bambasi,7,6
HBab81,Bambasi,7,6
HShr35,Sherkole,7,6
LBab37,Bambasi,7,6
LBab56,Bambasi,7,6
LBab57,Bambasi,7,6
LBab67,Bambasi,7,6
LBab82,Bambasi,7,6
HBab9,Bambasi,7,6
HBab21,Bambasi,7,6
HBab37,Bambasi,7,6
LBab1,Bambasi,7,6
LBab30,Bambasi,7,6
HBab13,Bambasi,7,6
HBab15,Bambasi,7,6
HBab17,Bambasi,7,6
HBab79,Bambasi,7,6
HBab95,Bambasi,7,6
HBab100,Bambasi,7,6
HBab118,Bambasi,7,6
LBab98,Bambasi,7,6
HKum9,Kurmuk,7,0
HAss14,Asosa,8,6
HAss42,Asosa,8,6
HKum11,Kurmuk,8,6
HShr118,Sherkole,8,6
HShr122,Sherkole,8,6
HShr17,Sherkole,8,6
HShr49,Sherkole,8,6
HShr70,Sherkole,8,6
HShr80,Sherkole,8,6
HShr82,Sherkole,8,6
HKum47,Kurmuk,8,6
HShr86,Sherkole,8,6
HShr98,Sherkole,8,6
LKum28,Kurmuk,8,6
LKum61,Kurmuk,8,6
LKum74,Kurmuk,8,6
LShr108,Sherkole,8,6
LShr112,Sherkole,8,6
LShr116,Sherkole,8,6
LShr132,Sherkole,8,6
LShr133,Sherkole,8,6
LShr157,Sherkole,8,6
LShr165,Sherkole,8,6
LShr171,Sherkole,8,6
LShr177,Sherkole,8,6
LShr44,Sherkole,8,6
LShr64,Sherkole,8,6
LShr86,Sherkole,8,6
HAss35,Asosa,8,0
HKum57,Kurmuk,8,0
HKum67,Kurmuk,8,6
HShr105,Sherkole,8,6
HShr12,Sherkole,8,0
HShr133,Sherkole,8,0
HShr3,Sherkole,8,6
HShr44,Sherkole,8,6
HShr48,Sherkole,8,6
HShr64,Sherkole,8,0
HShr87,Sherkole,8,0
LKum58,Kurmuk,8,6
LShr61,Sherkole,8,0
LShr73,Sherkole,8,6
HAss23,Asosa,8,6
HAss39,Asosa,8,6
HKum19,Kurmuk,8,0
HKum34,Kurmuk,8,6
HShr114,Sherkole,8,6
HShr126,Sherkole,8,0
HShr14,Sherkole,8,6
HShr146,Sherkole,8,6
HShr148,Sherkole,8,6
HShr161,Sherkole,8,6
HShr182,Sherkole,8,0
HShr31,Sherkole,8,6
HShr45,Sherkole,8,0
HShr65,Sherkole,8,0
HShr71,Sherkole,8,0
HShr77,Sherkole,8,6
HShr88,Sherkole,8,6
HShr96,Sherkole,8,6
LAss15,Asosa,8,0
LKum12,Kurmuk,8,6
LKum17,Kurmuk,8,6
LShr3,Sherkole,8,0
LShr5,Sherkole,8,6
HBab18,Bambasi,8,6
HBab23,Bambasi,8,6
HBab24,Bambasi,8,6
HBab25,Bambasi,8,6
HBab47,Bambasi,8,6
HBab48,Bambasi,8,6
HBab49,Bambasi,8,6
HBab50,Bambasi,8,6
HBab64,Bambasi,8,6
HBab66,Bambasi,8,6
HBab68,Bambasi,8,6
HBab92,Bambasi,8,6
HAss51,Asosa,8,6
HBab7,Bambasi,8,6
HBab75,Bambasi,8,6
HBab80,Bambasi,8,6
HBab81,Bambasi,8,6
HShr35,Sherkole,8,6
LBab37,Bambasi,8,6
LBab56,Bambasi,8,0
LBab57,Bambasi,8,6
LBab67,Bambasi,8,6
LBab82,Bambasi,8,6
HBab9,Bambasi,8,6
HBab21,Bambasi,8,6
HBab37,Bambasi,8,6
LBab1,Bambasi,8,0
LBab30,Bambasi,8,6
HBab13,Bambasi,8,0
HBab15,Bambasi,8,0
HBab17,Bambasi,8,0
HBab79,Bambasi,8,6
HBab95,Bambasi,8,0
HBab100,Bambasi,8,6
HBab118,Bambasi,8,6
LBab98,Bambasi,8,6
HKum9,Kurmuk,8,0
HAss14,Asosa,9,3
HAss42,Asosa,9,3
HKum11,Kurmuk,9,3
HShr118,Sherkole,9,3
HShr122,Sherkole,9,3
HShr17,Sherkole,9,3
HShr49,Sherkole,9,3
HShr70,Sherkole,9,3
HShr80,Sherkole,9,3
HShr82,Sherkole,9,3
HKum47,Kurmuk,9,3
HShr86,Sherkole,9,3
HShr98,Sherkole,9,3
LKum28,Kurmuk,9,3
LKum61,Kurmuk,9,3
LKum74,Kurmuk,9,3
LShr108,Sherkole,9,3
LShr112,Sherkole,9,3
LShr116,Sherkole,9,3
LShr132,Sherkole,9,3
LShr133,Sherkole,9,3
LShr157,Sherkole,9,3
LShr165,Sherkole,9,3
LShr171,Sherkole,9,3
LShr177,Sherkole,9,3
LShr44,Sherkole,9,3
LShr64,Sherkole,9,3
LShr86,Sherkole,9,3
HAss35,Asosa,9,0
HKum57,Kurmuk,9,0
HKum67,Kurmuk,9,3
HShr105,Sherkole,9,3
HShr12,Sherkole,9,0
HShr133,Sherkole,9,0
HShr3,Sherkole,9,3
HShr44,Sherkole,9,3
HShr48,Sherkole,9,3
HShr64,Sherkole,9,0
HShr87,Sherkole,9,0
LKum58,Kurmuk,9,3
LShr61,Sherkole,9,0
LShr73,Sherkole,9,3
HAss23,Asosa,9,3
HAss39,Asosa,9,3
HKum19,Kurmuk,9,0
HKum34,Kurmuk,9,3
HShr114,Sherkole,9,3
HShr126,Sherkole,9,0
HShr14,Sherkole,9,3
HShr146,Sherkole,9,3
HShr148,Sherkole,9,3
HShr161,Sherkole,9,3
HShr182,Sherkole,9,0
HShr31,Sherkole,9,3
HShr45,Sherkole,9,0
HShr65,Sherkole,9,0
HShr71,Sherkole,9,0
HShr77,Sherkole,9,3
HShr88,Sherkole,9,3
HShr96,Sherkole,9,3
LAss15,Asosa,9,0
LKum12,Kurmuk,9,3
LKum17,Kurmuk,9,3
LShr3,Sherkole,9,0
LShr5,Sherkole,9,3
HBab18,Bambasi,9,3
HBab23,Bambasi,9,3
HBab24,Bambasi,9,3
HBab25,Bambasi,9,3
HBab47,Bambasi,9,3
HBab48,Bambasi,9,3
HBab49,Bambasi,9,3
HBab50,Bambasi,9,3
HBab64,Bambasi,9,3
HBab66,Bambasi,9,3
HBab68,Bambasi,9,3
HBab92,Bambasi,9,3
HAss51,Asosa,9,3
HBab7,Bambasi,9,3
HBab75,Bambasi,9,3
HBab80,Bambasi,9,3
HBab81,Bambasi,9,3
HShr35,Sherkole,9,3
LBab37,Bambasi,9,3
LBab56,Bambasi,9,0
LBab57,Bambasi,9,3
LBab67,Bambasi,9,3
LBab82,Bambasi,9,3
HBab9,Bambasi,9,3
HBab21,Bambasi,9,3
HBab37,Bambasi,9,3
LBab1,Bambasi,9,0
LBab30,Bambasi,9,3
HBab13,Bambasi,9,0
HBab15,Bambasi,9,0
HBab17,Bambasi,9,0
HBab79,Bambasi,9,3
HBab95,Bambasi,9,0
HBab100,Bambasi,9,3
HBab118,Bambasi,9,3
LBab98,Bambasi,9,3
HKum9,Kurmuk,9,0
HAss14,Asosa,10,11
HAss42,Asosa,10,0
HKum11,Kurmuk,10,11
HShr118,Sherkole,10,11
HShr122,Sherkole,10,11
HShr17,Sherkole,10,11
HShr49,Sherkole,10,11
HShr70,Sherkole,10,11
HShr80,Sherkole,10,11
HShr82,Sherkole,10,11
HKum47,Kurmuk,10,11
HShr86,Sherkole,10,0
HShr98,Sherkole,10,0
LKum28,Kurmuk,10,11
LKum61,Kurmuk,10,11
LKum74,Kurmuk,10,11
LShr108,Sherkole,10,11
LShr112,Sherkole,10,11
LShr116,Sherkole,10,11
LShr132,Sherkole,10,11
LShr133,Sherkole,10,11
LShr157,Sherkole,10,11
LShr165,Sherkole,10,11
LShr171,Sherkole,10,11
LShr177,Sherkole,10,11
LShr44,Sherkole,10,11
LShr64,Sherkole,10,11
LShr86,Sherkole,10,11
HAss35,Asosa,10,0
HKum57,Kurmuk,10,0
HKum67,Kurmuk,10,0
HShr105,Sherkole,10,11
HShr12,Sherkole,10,11
HShr133,Sherkole,10,11
HShr3,Sherkole,10,0
HShr44,Sherkole,10,11
HShr48,Sherkole,10,11
HShr64,Sherkole,10,11
HShr87,Sherkole,10,11
LKum58,Kurmuk,10,0
LShr61,Sherkole,10,0
LShr73,Sherkole,10,11
HAss23,Asosa,10,11
HAss39,Asosa,10,11
HKum19,Kurmuk,10,11
HKum34,Kurmuk,10,0
HShr114,Sherkole,10,11
HShr126,Sherkole,10,11
HShr14,Sherkole,10,11
HShr146,Sherkole,10,11
HShr148,Sherkole,10,0
HShr161,Sherkole,10,0
HShr182,Sherkole,10,11
HShr31,Sherkole,10,0
HShr45,Sherkole,10,0
HShr65,Sherkole,10,11
HShr71,Sherkole,10,0
HShr77,Sherkole,10,0
HShr88,Sherkole,10,11
HShr96,Sherkole,10,0
LAss15,Asosa,10,0
LKum12,Kurmuk,10,11
LKum17,Kurmuk,10,0
LShr3,Sherkole,10,11
LShr5,Sherkole,10,11
HBab18,Bambasi,10,0
HBab23,Bambasi,10,11
HBab24,Bambasi,10,11
HBab25,Bambasi,10,11
HBab47,Bambasi,10,11
HBab48,Bambasi,10,11
HBab49,Bambasi,10,11
HBab50,Bambasi,10,11
HBab64,Bambasi,10,11
HBab66,Bambasi,10,11
HBab68,Bambasi,10,11
HBab92,Bambasi,10,11
HAss51,Asosa,10,11
HBab7,Bambasi,10,0
HBab75,Bambasi,10,0
HBab80,Bambasi,10,11
HBab81,Bambasi,10,0
HShr35,Sherkole,10,11
LBab37,Bambasi,10,11
LBab56,Bambasi,10,11
LBab57,Bambasi,10,11
LBab67,Bambasi,10,0
LBab82,Bambasi,10,11
HBab9,Bambasi,10,0
HBab21,Bambasi,10,0
HBab37,Bambasi,10,11
LBab1,Bambasi,10,11
LBab30,Bambasi,10,11
HBab13,Bambasi,10,11
HBab15,Bambasi,10,11
HBab17,Bambasi,10,11
HBab79,Bambasi,10,11
HBab95,Bambasi,10,0
HBab100,Bambasi,10,0
HBab118,Bambasi,10,0
LBab98,Bambasi,10,0
HKum9,Kurmuk,10,0
HAss14,Asosa,11,0
HAss42,Asosa,11,0
HKum11,Kurmuk,11,0
HShr118,Sherkole,11,0
HShr122,Sherkole,11,0
HShr17,Sherkole,11,0
HShr49,Sherkole,11,0
HShr70,Sherkole,11,0
HShr80,Sherkole,11,0
HShr82,Sherkole,11,0
HKum47,Kurmuk,11,0
HShr86,Sherkole,11,0
HShr98,Sherkole,11,0
LKum28,Kurmuk,11,0
LKum61,Kurmuk,11,0
LKum74,Kurmuk,11,0
LShr108,Sherkole,11,0
LShr112,Sherkole,11,0
LShr116,Sherkole,11,0
LShr132,Sherkole,11,0
LShr133,Sherkole,11,0
LShr157,Sherkole,11,0
LShr165,Sherkole,11,0
LShr171,Sherkole,11,0
LShr177,Sherkole,11,0
LShr44,Sherkole,11,0
LShr64,Sherkole,11,0
LShr86,Sherkole,11,0
HAss35,Asosa,11,0
HKum57,Kurmuk,11,0
HKum67,Kurmuk,11,0
HShr105,Sherkole,11,0
HShr12,Sherkole,11,0
HShr133,Sherkole,11,0
HShr3,Sherkole,11,0
HShr44,Sherkole,11,0
HShr48,Sherkole,11,0
HShr64,Sherkole,11,0
HShr87,Sherkole,11,0
LKum58,Kurmuk,11,0
LShr61,Sherkole,11,0
LShr73,Sherkole,11,0
HAss23,Asosa,11,0
HAss39,Asosa,11,0
HKum19,Kurmuk,11,0
HKum34,Kurmuk,11,0
HShr114,Sherkole,11,0
HShr126,Sherkole,11,0
HShr14,Sherkole,11,0
HShr146,Sherkole,11,0
HShr148,Sherkole,11,0
HShr161,Sherkole,11,0
HShr182,Sherkole,11,0
HShr31,Sherkole,11,0
HShr45,Sherkole,11,0
HShr65,Sherkole,11,0
HShr71,Sherkole,11,0
HShr77,Sherkole,11,0
HShr88,Sherkole,11,0
HShr96,Sherkole,11,0
LAss15,Asosa,11,0
LKum12,Kurmuk,11,0
LKum17,Kurmuk,11,0
LShr3,Sherkole,11,0
LShr5,Sherkole,11,0
HBab18,Bambasi,11,0
HBab23,Bambasi,11,0
HBab24,Bambasi,11,0
HBab25,Bambasi,11,0
HBab47,Bambasi,11,0
HBab48,Bambasi,11,0
HBab49,Bambasi,11,0
HBab50,Bambasi,11,0
HBab64,Bambasi,11,0
HBab66,Bambasi,11,0
HBab68,Bambasi,11,0
HBab92,Bambasi,11,0
HAss51,Asosa,11,0
HBab7,Bambasi,11,0
HBab75,Bambasi,11,0
HBab80,Bambasi,11,0
HBab81,Bambasi,11,0
HShr35,Sherkole,11,0
LBab37,Bambasi,11,0
LBab56,Bambasi,11,0
LBab57,Bambasi,11,0
LBab67,Bambasi,11,0
LBab82,Bambasi,11,0
HBab9,Bambasi,11,0
HBab21,Bambasi,11,0
HBab37,Bambasi,11,0
LBab1,Bambasi,11,0
LBab30,Bambasi,11,0
HBab13,Bambasi,11,0
HBab15,Bambasi,11,0
HBab17,Bambasi,11,0
HBab79,Bambasi,11,0
HBab95,Bambasi,11,0
HBab100,Bambasi,11,0
HBab118,Bambasi,11,0
LBab98,Bambasi,11,0
HKum9,Kurmuk,11,0
HAss14,Asosa,12,0
HAss42,Asosa,12,0
HKum11,Kurmuk,12,0
HShr118,Sherkole,12,0
HShr122,Sherkole,12,0
HShr17,Sherkole,12,0
HShr49,Sherkole,12,0
HShr70,Sherkole,12,0
HShr80,Sherkole,12,0
HShr82,Sherkole,12,0
HKum47,Kurmuk,12,0
HShr86,Sherkole,12,0
HShr98,Sherkole,12,0
LKum28,Kurmuk,12,13
LKum61,Kurmuk,12,0
LKum74,Kurmuk,12,0
LShr108,Sherkole,12,0
LShr112,Sherkole,12,0
LShr116,Sherkole,12,0
LShr132,Sherkole,12,0
LShr133,Sherkole,12,0
LShr157,Sherkole,12,0
LShr165,Sherkole,12,0
LShr171,Sherkole,12,0
LShr177,Sherkole,12,0
LShr44,Sherkole,12,13
LShr64,Sherkole,12,0
LShr86,Sherkole,12,0
HAss35,Asosa,12,0
HKum57,Kurmuk,12,13
HKum67,Kurmuk,12,0
HShr105,Sherkole,12,0
HShr12,Sherkole,12,13
HShr133,Sherkole,12,13
HShr3,Sherkole,12,0
HShr44,Sherkole,12,0
HShr48,Sherkole,12,13
HShr64,Sherkole,12,13
HShr87,Sherkole,12,13
LKum58,Kurmuk,12,13
LShr61,Sherkole,12,13
LShr73,Sherkole,12,0
HAss23,Asosa,12,0
HAss39,Asosa,12,0
HKum19,Kurmuk,12,13
HKum34,Kurmuk,12,0
HShr114,Sherkole,12,13
HShr126,Sherkole,12,13
HShr14,Sherkole,12,0
HShr146,Sherkole,12,0
HShr148,Sherkole,12,0
HShr161,Sherkole,12,0
HShr182,Sherkole,12,13
HShr31,Sherkole,12,0
HShr45,Sherkole,12,0
HShr65,Sherkole,12,13
HShr71,Sherkole,12,0
HShr77,Sherkole,12,13
HShr88,Sherkole,12,0
HShr96,Sherkole,12,0
LAss15,Asosa,12,13
LKum12,Kurmuk,12,13
LKum17,Kurmuk,12,0
LShr3,Sherkole,12,0
LShr5,Sherkole,12,0
HBab18,Bambasi,12,0
HBab23,Bambasi,12,0
HBab24,Bambasi,12,0
HBab25,Bambasi,12,0
HBab47,Bambasi,12,0
HBab48,Bambasi,12,0
HBab49,Bambasi,12,0
HBab50,Bambasi,12,0
HBab64,Bambasi,12,0
HBab66,Bambasi,12,0
HBab68,Bambasi,12,0
HBab92,Bambasi,12,0
HAss51,Asosa,12,0
HBab7,Bambasi,12,0
HBab75,Bambasi,12,0
HBab80,Bambasi,12,0
HBab81,Bambasi,12,0
HShr35,Sherkole,12,0
LBab37,Bambasi,12,0
LBab56,Bambasi,12,0
LBab57,Bambasi,12,0
LBab67,Bambasi,12,0
LBab82,Bambasi,12,0
HBab9,Bambasi,12,0
HBab21,Bambasi,12,13
HBab37,Bambasi,12,0
LBab1,Bambasi,12,13
LBab30,Bambasi,12,13
HBab13,Bambasi,12,0
HBab15,Bambasi,12,0
HBab17,Bambasi,12,0
HBab79,Bambasi,12,0
HBab95,Bambasi,12,0
HBab100,Bambasi,12,0
HBab118,Bambasi,12,0
LBab98,Bambasi,12,0
HKum9,Kurmuk,12,0
HAss14,Asosa,13,0
HAss42,Asosa,13,0
HKum11,Kurmuk,13,6
HShr118,Sherkole,13,6
HShr122,Sherkole,13,6
HShr17,Sherkole,13,6
HShr49,Sherkole,13,6
HShr70,Sherkole,13,6
HShr80,Sherkole,13,6
HShr82,Sherkole,13,6
HKum47,Kurmuk,13,6
HShr86,Sherkole,13,6
HShr98,Sherkole,13,6
LKum28,Kurmuk,13,0
LKum61,Kurmuk,13,6
LKum74,Kurmuk,13,6
LShr108,Sherkole,13,6
LShr112,Sherkole,13,6
LShr116,Sherkole,13,6
LShr132,Sherkole,13,6
LShr133,Sherkole,13,6
LShr157,Sherkole,13,6
LShr165,Sherkole,13,6
LShr171,Sherkole,13,6
LShr177,Sherkole,13,6
LShr44,Sherkole,13,6
LShr64,Sherkole,13,6
LShr86,Sherkole,13,6
HAss35,Asosa,13,0
HKum57,Kurmuk,13,0
HKum67,Kurmuk,13,6
HShr105,Sherkole,13,0
HShr12,Sherkole,13,0
HShr133,Sherkole,13,0
HShr3,Sherkole,13,0
HShr44,Sherkole,13,6
HShr48,Sherkole,13,0
HShr64,Sherkole,13,0
HShr87,Sherkole,13,0
LKum58,Kurmuk,13,6
LShr61,Sherkole,13,0
LShr73,Sherkole,13,6
HAss23,Asosa,13,6
HAss39,Asosa,13,6
HKum19,Kurmuk,13,0
HKum34,Kurmuk,13,6
HShr114,Sherkole,13,6
HShr126,Sherkole,13,0
HShr14,Sherkole,13,6
HShr146,Sherkole,13,6
HShr148,Sherkole,13,6
HShr161,Sherkole,13,0
HShr182,Sherkole,13,0
HShr31,Sherkole,13,0
HShr45,Sherkole,13,6
HShr65,Sherkole,13,0
HShr71,Sherkole,13,0
HShr77,Sherkole,13,0
HShr88,Sherkole,13,0
HShr96,Sherkole,13,0
LAss15,Asosa,13,0
LKum12,Kurmuk,13,0
LKum17,Kurmuk,13,6
LShr3,Sherkole,13,0
LShr5,Sherkole,13,6
HBab18,Bambasi,13,0
HBab23,Bambasi,13,0
HBab24,Bambasi,13,6
HBab25,Bambasi,13,6
HBab47,Bambasi,13,6
HBab48,Bambasi,13,0
HBab49,Bambasi,13,0
HBab50,Bambasi,13,6
HBab64,Bambasi,13,6
HBab66,Bambasi,13,6
HBab68,Bambasi,13,6
HBab92,Bambasi,13,6
HAss51,Asosa,13,0
HBab7,Bambasi,13,0
HBab75,Bambasi,13,6
HBab80,Bambasi,13,6
HBab81,Bambasi,13,6
HShr35,Sherkole,13,6
LBab37,Bambasi,13,0
LBab56,Bambasi,13,0
LBab57,Bambasi,13,6
LBab67,Bambasi,13,0
LBab82,Bambasi,13,0
HBab9,Bambasi,13,6
HBab21,Bambasi,13,0
HBab37,Bambasi,13,6
LBab1,Bambasi,13,0
LBab30,Bambasi,13,6
HBab13,Bambasi,13,0
HBab15,Bambasi,13,0
HBab17,Bambasi,13,0
HBab79,Bambasi,13,6
HBab95,Bambasi,13,0
HBab100,Bambasi,13,6
HBab118,Bambasi,13,6
LBab98,Bambasi,13,6
HKum9,Kurmuk,13,0
HAss14,Asosa,14,0
HAss42,Asosa,14,0
HKum11,Kurmuk,14,0
HShr118,Sherkole,14,0
HShr122,Sherkole,14,0
HShr17,Sherkole,14,0
HShr49,Sherkole,14,0
HShr70,Sherkole,14,0
HShr80,Sherkole,14,0
HShr82,Sherkole,14,0
HKum47,Kurmuk,14,0
HShr86,Sherkole,14,0
HShr98,Sherkole,14,0
LKum28,Kurmuk,14,9
LKum61,Kurmuk,14,0
LKum74,Kurmuk,14,0
LShr108,Sherkole,14,0
LShr112,Sherkole,14,0
LShr116,Sherkole,14,9
LShr132,Sherkole,14,0
LShr133,Sherkole,14,0
LShr157,Sherkole,14,0
LShr165,Sherkole,14,0
LShr171,Sherkole,14,0
LShr177,Sherkole,14,0
LShr44,Sherkole,14,0
LShr64,Sherkole,14,9
LShr86,Sherkole,14,0
HAss35,Asosa,14,0
HKum57,Kurmuk,14,0
HKum67,Kurmuk,14,0
HShr105,Sherkole,14,9
HShr12,Sherkole,14,0
HShr133,Sherkole,14,0
HShr3,Sherkole,14,0
HShr44,Sherkole,14,0
HShr48,Sherkole,14,0
HShr64,Sherkole,14,0
HShr87,Sherkole,14,0
LKum58,Kurmuk,14,0
LShr61,Sherkole,14,0
LShr73,Sherkole,14,0
HAss23,Asosa,14,0
HAss39,Asosa,14,0
HKum19,Kurmuk,14,0
HKum34,Kurmuk,14,0
HShr114,Sherkole,14,0
HShr126,Sherkole,14,0
HShr14,Sherkole,14,0
HShr146,Sherkole,14,0
HShr148,Sherkole,14,0
HShr161,Sherkole,14,9
HShr182,Sherkole,14,0
HShr31,Sherkole,14,0
HShr45,Sherkole,14,0
HShr65,Sherkole,14,0
HShr71,Sherkole,14,0
HShr77,Sherkole,14,0
HShr88,Sherkole,14,0
HShr96,Sherkole,14,0
LAss15,Asosa,14,0
LKum12,Kurmuk,14,0
LKum17,Kurmuk,14,0
LShr3,Sherkole,14,0
LShr5,Sherkole,14,9
HBab18,Bambasi,14,0
HBab23,Bambasi,14,0
HBab24,Bambasi,14,0
HBab25,Bambasi,14,0
HBab47,Bambasi,14,0
HBab48,Bambasi,14,0
HBab49,Bambasi,14,0
HBab50,Bambasi,14,0
HBab64,Bambasi,14,0
HBab66,Bambasi,14,0
HBab68,Bambasi,14,0
HBab92,Bambasi,14,0
HAss51,Asosa,14,0
HBab7,Bambasi,14,0
HBab75,Bambasi,14,0
HBab80,Bambasi,14,0
HBab81,Bambasi,14,0
HShr35,Sherkole,14,0
LBab37,Bambasi,14,9
LBab56,Bambasi,14,0
LBab57,Bambasi,14,0
LBab67,Bambasi,14,0
LBab82,Bambasi,14,0
HBab9,Bambasi,14,0
HBab21,Bambasi,14,0
HBab37,Bambasi,14,0
LBab1,Bambasi,14,0
LBab30,Bambasi,14,0
HBab13,Bambasi,14,0
HBab15,Bambasi,14,0
HBab17,Bambasi,14,0
HBab79,Bambasi,14,9
HBab95,Bambasi,14,0
HBab100,Bambasi,14,0
HBab118,Bambasi,14,0
LBab98,Bambasi,14,9
HKum9,Kurmuk,14,0
HAss14,Asosa,15,0
HAss42,Asosa,15,0
HKum11,Kurmuk,15,0
HShr118,Sherkole,15,0
HShr122,Sherkole,15,0
HShr17,Sherkole,15,0
HShr49,Sherkole,15,0
HShr70,Sherkole,15,0
HShr80,Sherkole,15,0
HShr82,Sherkole,15,0
HKum47,Kurmuk,15,0
HShr86,Sherkole,15,0
HShr98,Sherkole,15,0
LKum28,Kurmuk,15,0
LKum61,Kurmuk,15,0
LKum74,Kurmuk,15,0
LShr108,Sherkole,15,0
LShr112,Sherkole,15,0
LShr116,Sherkole,15,0
LShr132,Sherkole,15,0
LShr133,Sherkole,15,0
LShr157,Sherkole,15,0
LShr165,Sherkole,15,0
LShr171,Sherkole,15,0
LShr177,Sherkole,15,0
LShr44,Sherkole,15,0
LShr64,Sherkole,15,0
LShr86,Sherkole,15,0
HAss35,Asosa,15,0
HKum57,Kurmuk,15,0
HKum67,Kurmuk,15,0
HShr105,Sherkole,15,0
HShr12,Sherkole,15,0
HShr133,Sherkole,15,0
HShr3,Sherkole,15,0
HShr44,Sherkole,15,0
HShr48,Sherkole,15,0
HShr64,Sherkole,15,0
HShr87,Sherkole,15,0
LKum58,Kurmuk,15,0
LShr61,Sherkole,15,0
LShr73,Sherkole,15,0
HAss23,Asosa,15,0
HAss39,Asosa,15,0
HKum19,Kurmuk,15,0
HKum34,Kurmuk,15,0
HShr114,Sherkole,15,0
HShr126,Sherkole,15,0
HShr14,Sherkole,15,0
HShr146,Sherkole,15,0
HShr148,Sherkole,15,0
HShr161,Sherkole,15,0
HShr182,Sherkole,15,0
HShr31,Sherkole,15,0
HShr45,Sherkole,15,0
HShr65,Sherkole,15,0
HShr71,Sherkole,15,0
HShr77,Sherkole,15,0
HShr88,Sherkole,15,0
HShr96,Sherkole,15,0
LAss15,Asosa,15,0
LKum12,Kurmuk,15,0
LKum17,Kurmuk,15,0
LShr3,Sherkole,15,0
LShr5,Sherkole,15,0
HBab18,Bambasi,15,0
HBab23,Bambasi,15,0
HBab24,Bambasi,15,0
HBab25,Bambasi,15,0
HBab47,Bambasi,15,0
HBab48,Bambasi,15,0
HBab49,Bambasi,15,0
HBab50,Bambasi,15,0
HBab64,Bambasi,15,0
HBab66,Bambasi,15,0
HBab68,Bambasi,15,0
HBab92,Bambasi,15,0
HAss51,Asosa,15,0
HBab7,Bambasi,15,0
HBab75,Bambasi,15,0
HBab80,Bambasi,15,0
HBab81,Bambasi,15,0
HShr35,Sherkole,15,0
LBab37,Bambasi,15,0
LBab56,Bambasi,15,0
LBab57,Bambasi,15,0
LBab67,Bambasi,15,0
LBab82,Bambasi,15,0
HBab9,Bambasi,15,0
HBab21,Bambasi,15,0
HBab37,Bambasi,15,0
LBab1,Bambasi,15,0
LBab30,Bambasi,15,0
HBab13,Bambasi,15,0
HBab15,Bambasi,15,0
HBab17,Bambasi,15,0
HBab79,Bambasi,15,0
HBab95,Bambasi,15,0
HBab100,Bambasi,15,0
HBab118,Bambasi,15,0
LBab98,Bambasi,15,0
HKum9,Kurmuk,15,0
HAss14,Asosa,16,0
HAss42,Asosa,16,0
HKum11,Kurmuk,16,0
HShr118,Sherkole,16,0
HShr122,Sherkole,16,0
HShr17,Sherkole,16,0
HShr49,Sherkole,16,0
HShr70,Sherkole,16,0
HShr80,Sherkole,16,0
HShr82,Sherkole,16,0
HKum47,Kurmuk,16,0
HShr86,Sherkole,16,0
HShr98,Sherkole,16,0
LKum28,Kurmuk,16,0
LKum61,Kurmuk,16,0
LKum74,Kurmuk,16,0
LShr108,Sherkole,16,0
LShr112,Sherkole,16,0
LShr116,Sherkole,16,0
LShr132,Sherkole,16,0
LShr133,Sherkole,16,0
LShr157,Sherkole,16,0
LShr165,Sherkole,16,0
LShr171,Sherkole,16,0
LShr177,Sherkole,16,0
LShr44,Sherkole,16,0
LShr64,Sherkole,16,0
LShr86,Sherkole,16,0
HAss35,Asosa,16,0
HKum57,Kurmuk,16,0
HKum67,Kurmuk,16,0
HShr105,Sherkole,16,0
HShr12,Sherkole,16,0
HShr133,Sherkole,16,0
HShr3,Sherkole,16,0
HShr44,Sherkole,16,0
HShr48,Sherkole,16,0
HShr64,Sherkole,16,0
HShr87,Sherkole,16,0
LKum58,Kurmuk,16,0
LShr61,Sherkole,16,0
LShr73,Sherkole,16,0
HAss23,Asosa,16,0
HAss39,Asosa,16,0
HKum19,Kurmuk,16,0
HKum34,Kurmuk,16,0
HShr114,Sherkole,16,0
HShr126,Sherkole,16,0
HShr14,Sherkole,16,0
HShr146,Sherkole,16,0
HShr148,Sherkole,16,0
HShr161,Sherkole,16,0
HShr182,Sherkole,16,0
HShr31,Sherkole,16,0
HShr45,Sherkole,16,0
HShr65,Sherkole,16,0
HShr71,Sherkole,16,0
HShr77,Sherkole,16,0
HShr88,Sherkole,16,0
HShr96,Sherkole,16,0
LAss15,Asosa,16,0
LKum12,Kurmuk,16,0
LKum17,Kurmuk,16,0
LShr3,Sherkole,16,0
LShr5,Sherkole,16,0
HBab18,Bambasi,16,0
HBab23,Bambasi,16,0
HBab24,Bambasi,16,0
HBab25,Bambasi,16,0
HBab47,Bambasi,16,0
HBab48,Bambasi,16,0
HBab49,Bambasi,16,0
HBab50,Bambasi,16,0
HBab64,Bambasi,16,0
HBab66,Bambasi,16,0
HBab68,Bambasi,16,0
HBab92,Bambasi,16,0
HAss51,Asosa,16,0
HBab7,Bambasi,16,0
HBab75,Bambasi,16,0
HBab80,Bambasi,16,0
HBab81,Bambasi,16,0
HShr35,Sherkole,16,0
LBab37,Bambasi,16,0
LBab56,Bambasi,16,0
LBab57,Bambasi,16,0
LBab67,Bambasi,16,0
LBab82,Bambasi,16,0
HBab9,Bambasi,16,0
HBab21,Bambasi,16,0
HBab37,Bambasi,16,0
LBab1,Bambasi,16,0
LBab30,Bambasi,16,0
HBab13,Bambasi,16,0
HBab15,Bambasi,16,0
HBab17,Bambasi,16,0
HBab79,Bambasi,16,0
HBab95,Bambasi,16,0
HBab100,Bambasi,16,0
HBab118,Bambasi,16,0
LBab98,Bambasi,16,0
HKum9,Kurmuk,16,0
HAss14,Asosa,17,0
HAss42,Asosa,17,0
HKum11,Kurmuk,17,0
HShr118,Sherkole,17,0
HShr122,Sherkole,17,0
HShr17,Sherkole,17,0
HShr49,Sherkole,17,0
HShr70,Sherkole,17,0
HShr80,Sherkole,17,0
HShr82,Sherkole,17,0
HKum47,Kurmuk,17,0
HShr86,Sherkole,17,0
HShr98,Sherkole,17,0
LKum28,Kurmuk,17,0
LKum61,Kurmuk,17,0
LKum74,Kurmuk,17,0
LShr108,Sherkole,17,0
LShr112,Sherkole,17,0
LShr116,Sherkole,17,0
LShr132,Sherkole,17,0
LShr133,Sherkole,17,0
LShr157,Sherkole,17,0
LShr165,Sherkole,17,0
LShr171,Sherkole,17,0
LShr177,Sherkole,17,0
LShr44,Sherkole,17,0
LShr64,Sherkole,17,0
LShr86,Sherkole,17,0
HAss35,Asosa,17,0
HKum57,Kurmuk,17,0
HKum67,Kurmuk,17,0
HShr105,Sherkole,17,0
HShr12,Sherkole,17,0
HShr133,Sherkole,17,0
HShr3,Sherkole,17,0
HShr44,Sherkole,17,0
HShr48,Sherkole,17,0
HShr64,Sherkole,17,0
HShr87,Sherkole,17,0
LKum58,Kurmuk,17,0
LShr61,Sherkole,17,0
LShr73,Sherkole,17,0
HAss23,Asosa,17,0
HAss39,Asosa,17,0
HKum19,Kurmuk,17,0
HKum34,Kurmuk,17,0
HShr114,Sherkole,17,0
HShr126,Sherkole,17,0
HShr14,Sherkole,17,0
HShr146,Sherkole,17,0
HShr148,Sherkole,17,0
HShr161,Sherkole,17,0
HShr182,Sherkole,17,0
HShr31,Sherkole,17,0
HShr45,Sherkole,17,0
HShr65,Sherkole,17,0
HShr71,Sherkole,17,0
HShr77,Sherkole,17,0
HShr88,Sherkole,17,0
HShr96,Sherkole,17,0
LAss15,Asosa,17,0
LKum12,Kurmuk,17,0
LKum17,Kurmuk,17,0
LShr3,Sherkole,17,0
LShr5,Sherkole,17,0
HBab18,Bambasi,17,0
HBab23,Bambasi,17,0
HBab24,Bambasi,17,0
HBab25,Bambasi,17,0
HBab47,Bambasi,17,0
HBab48,Bambasi,17,0
HBab49,Bambasi,17,0
HBab50,Bambasi,17,0
HBab64,Bambasi,17,0
HBab66,Bambasi,17,0
HBab68,Bambasi,17,0
HBab92,Bambasi,17,0
HAss51,Asosa,17,0
HBab7,Bambasi,17,0
HBab75,Bambasi,17,0
HBab80,Bambasi,17,0
HBab81,Bambasi,17,0
HShr35,Sherkole,17,0
LBab37,Bambasi,17,0
LBab56,Bambasi,17,0
LBab57,Bambasi,17,0
LBab67,Bambasi,17,0
LBab82,Bambasi,17,0
HBab9,Bambasi,17,0
HBab21,Bambasi,17,0
HBab37,Bambasi,17,0
LBab1,Bambasi,17,0
LBab30,Bambasi,17,0
HBab13,Bambasi,17,0
HBab15,Bambasi,17,0
HBab17,Bambasi,17,0
HBab79,Bambasi,17,0
HBab95,Bambasi,17,0
HBab100,Bambasi,17,0
HBab118,Bambasi,17,0
LBab98,Bambasi,17,0
HKum9,Kurmuk,17,0
HAss14,Asosa,18,0
HAss42,Asosa,18,0
HKum11,Kurmuk,18,0
HShr118,Sherkole,18,0
HShr122,Sherkole,18,0
HShr17,Sherkole,18,0
HShr49,Sherkole,18,0
HShr70,Sherkole,18,0
HShr80,Sherkole,18,0
HShr82,Sherkole,18,0
HKum47,Kurmuk,18,0
HShr86,Sherkole,18,0
HShr98,Sherkole,18,0
LKum28,Kurmuk,18,0
LKum61,Kurmuk,18,0
LKum74,Kurmuk,18,0
LShr108,Sherkole,18,0
LShr112,Sherkole,18,0
LShr116,Sherkole,18,0
LShr132,Sherkole,18,0
LShr133,Sherkole,18,0
LShr157,Sherkole,18,0
LShr165,Sherkole,18,0
LShr171,Sherkole,18,0
LShr177,Sherkole,18,0
LShr44,Sherkole,18,0
LShr64,Sherkole,18,0
LShr86,Sherkole,18,0
HAss35,Asosa,18,0
HKum57,Kurmuk,18,0
HKum67,Kurmuk,18,0
HShr105,Sherkole,18,0
HShr12,Sherkole,18,0
HShr133,Sherkole,18,0
HShr3,Sherkole,18,0
HShr44,Sherkole,18,0
HShr48,Sherkole,18,0
HShr64,Sherkole,18,0
HShr87,Sherkole,18,0
LKum58,Kurmuk,18,0
LShr61,Sherkole,18,0
LShr73,Sherkole,18,0
HAss23,Asosa,18,0
HAss39,Asosa,18,0
HKum19,Kurmuk,18,0
HKum34,Kurmuk,18,0
HShr114,Sherkole,18,0
HShr126,Sherkole,18,0
HShr14,Sherkole,18,0
HShr146,Sherkole,18,0
HShr148,Sherkole,18,0
HShr161,Sherkole,18,0
HShr182,Sherkole,18,0
HShr31,Sherkole,18,0
HShr45,Sherkole,18,0
HShr65,Sherkole,18,0
HShr71,Sherkole,18,0
HShr77,Sherkole,18,0
HShr88,Sherkole,18,0
HShr96,Sherkole,18,0
LAss15,Asosa,18,0
LKum12,Kurmuk,18,0
LKum17,Kurmuk,18,0
LShr3,Sherkole,18,0
LShr5,Sherkole,18,0
HBab18,Bambasi,18,0
HBab23,Bambasi,18,0
HBab24,Bambasi,18,0
HBab25,Bambasi,18,0
HBab47,Bambasi,18,0
HBab48,Bambasi,18,0
HBab49,Bambasi,18,0
HBab50,Bambasi,18,0
HBab64,Bambasi,18,0
HBab66,Bambasi,18,0
HBab68,Bambasi,18,0
HBab92,Bambasi,18,0
HAss51,Asosa,18,0
HBab7,Bambasi,18,0
HBab75,Bambasi,18,0
HBab80,Bambasi,18,0
HBab81,Bambasi,18,0
HShr35,Sherkole,18,0
LBab37,Bambasi,18,0
LBab56,Bambasi,18,0
LBab57,Bambasi,18,0
LBab67,Bambasi,18,0
LBab82,Bambasi,18,0
HBab9,Bambasi,18,0
HBab21,Bambasi,18,0
HBab37,Bambasi,18,0
LBab1,Bambasi,18,0
LBab30,Bambasi,18,0
HBab13,Bambasi,18,0
HBab15,Bambasi,18,0
HBab17,Bambasi,18,0
HBab79,Bambasi,18,0
HBab95,Bambasi,18,0
HBab100,Bambasi,18,0
HBab118,Bambasi,18,0
LBab98,Bambasi,18,0
HKum9,Kurmuk,18,0
HAss14,Asosa,19,5
HAss42,Asosa,19,5
HKum11,Kurmuk,19,5
HShr118,Sherkole,19,5
HShr122,Sherkole,19,5
HShr17,Sherkole,19,5
HShr49,Sherkole,19,5
HShr70,Sherkole,19,5
HShr80,Sherkole,19,5
HShr82,Sherkole,19,5
HKum47,Kurmuk,19,5
HShr86,Sherkole,19,5
HShr98,Sherkole,19,5
LKum28,Kurmuk,19,5
LKum61,Kurmuk,19,5
LKum74,Kurmuk,19,5
LShr108,Sherkole,19,5
LShr112,Sherkole,19,5
LShr116,Sherkole,19,5
LShr132,Sherkole,19,5
LShr133,Sherkole,19,5
LShr157,Sherkole,19,5
LShr165,Sherkole,19,5
LShr171,Sherkole,19,5
LShr177,Sherkole,19,5
LShr44,Sherkole,19,5
LShr64,Sherkole,19,5
LShr86,Sherkole,19,5
HAss35,Asosa,19,0
HKum57,Kurmuk,19,5
HKum67,Kurmuk,19,5
HShr105,Sherkole,19,5
HShr12,Sherkole,19,5
HShr133,Sherkole,19,5
HShr3,Sherkole,19,5
HShr44,Sherkole,19,5
HShr48,Sherkole,19,5
HShr64,Sherkole,19,5
HShr87,Sherkole,19,5
LKum58,Kurmuk,19,5
LShr61,Sherkole,19,5
LShr73,Sherkole,19,5
HAss23,Asosa,19,5
HAss39,Asosa,19,5
HKum19,Kurmuk,19,5
HKum34,Kurmuk,19,5
HShr114,Sherkole,19,5
HShr126,Sherkole,19,5
HShr14,Sherkole,19,5
HShr146,Sherkole,19,5
HShr148,Sherkole,19,5
HShr161,Sherkole,19,5
HShr182,Sherkole,19,5
HShr31,Sherkole,19,5
HShr45,Sherkole,19,5
HShr65,Sherkole,19,5
HShr71,Sherkole,19,0
HShr77,Sherkole,19,5
HShr88,Sherkole,19,5
HShr96,Sherkole,19,5
LAss15,Asosa,19,5
LKum12,Kurmuk,19,5
LKum17,Kurmuk,19,5
LShr3,Sherkole,19,5
LShr5,Sherkole,19,5
HBab18,Bambasi,19,5
HBab23,Bambasi,19,5
HBab24,Bambasi,19,5
HBab25,Bambasi,19,5
HBab47,Bambasi,19,5
HBab48,Bambasi,19,5
HBab49,Bambasi,19,5
HBab50,Bambasi,19,5
HBab64,Bambasi,19,5
HBab66,Bambasi,19,5
HBab68,Bambasi,19,5
HBab92,Bambasi,19,5
HAss51,Asosa,19,5
HBab7,Bambasi,19,5
HBab75,Bambasi,19,5
HBab80,Bambasi,19,5
HBab81,Bambasi,19,5
HShr35,Sherkole,19,5
LBab37,Bambasi,19,5
LBab56,Bambasi,19,5
LBab57,Bambasi,19,5
LBab67,Bambasi,19,5
LBab82,Bambasi,19,5
HBab9,Bambasi,19,5
HBab21,Bambasi,19,5
HBab37,Bambasi,19,5
LBab1,Bambasi,19,5
LBab30,Bambasi,19,5
HBab13,Bambasi,19,5
HBab15,Bambasi,19,5
HBab17,Bambasi,19,5
HBab79,Bambasi,19,5
HBab95,Bambasi,19,5
HBab100,Bambasi,19,5
HBab118,Bambasi,19,5
LBab98,Bambasi,19,5
HKum9,Kurmuk,19,0
HAss14,Asosa,20,0
HAss42,Asosa,20,0
HKum11,Kurmuk,20,0
HShr118,Sherkole,20,0
HShr122,Sherkole,20,0
HShr17,Sherkole,20,0
HShr49,Sherkole,20,0
HShr70,Sherkole,20,0
HShr80,Sherkole,20,0
HShr82,Sherkole,20,0
HKum47,Kurmuk,20,0
HShr86,Sherkole,20,0
HShr98,Sherkole,20,0
LKum28,Kurmuk,20,0
LKum61,Kurmuk,20,0
LKum74,Kurmuk,20,0
LShr108,Sherkole,20,0
LShr112,Sherkole,20,0
LShr116,Sherkole,20,0
LShr132,Sherkole,20,0
LShr133,Sherkole,20,0
LShr157,Sherkole,20,0
LShr165,Sherkole,20,0
LShr171,Sherkole,20,0
LShr177,Sherkole,20,0
LShr44,Sherkole,20,0
LShr64,Sherkole,20,0
LShr86,Sherkole,20,0
HAss35,Asosa,20,0
HKum57,Kurmuk,20,0
HKum67,Kurmuk,20,0
HShr105,Sherkole,20,0
HShr12,Sherkole,20,0
HShr133,Sherkole,20,0
HShr3,Sherkole,20,0
HShr44,Sherkole,20,0
HShr48,Sherkole,20,0
HShr64,Sherkole,20,0
HShr87,Sherkole,20,0
LKum58,Kurmuk,20,0
LShr61,Sherkole,20,0
LShr73,Sherkole,20,0
HAss23,Asosa,20,0
HAss39,Asosa,20,0
HKum19,Kurmuk,20,0
HKum34,Kurmuk,20,0
HShr114,Sherkole,20,0
HShr126,Sherkole,20,0
HShr14,Sherkole,20,0
HShr146,Sherkole,20,0
HShr148,Sherkole,20,0
HShr161,Sherkole,20,0
HShr182,Sherkole,20,0
HShr31,Sherkole,20,0
HShr45,Sherkole,20,0
HShr65,Sherkole,20,0
HShr71,Sherkole,20,0
HShr77,Sherkole,20,0
HShr88,Sherkole,20,0
HShr96,Sherkole,20,0
LAss15,Asosa,20,0
LKum12,Kurmuk,20,0
LKum17,Kurmuk,20,0
LShr3,Sherkole,20,0
LShr5,Sherkole,20,0
HBab18,Bambasi,20,0
HBab23,Bambasi,20,0
HBab24,Bambasi,20,0
HBab25,Bambasi,20,0
HBab47,Bambasi,20,0
HBab48,Bambasi,20,0
HBab49,Bambasi,20,0
HBab50,Bambasi,20,0
HBab64,Bambasi,20,0
HBab66,Bambasi,20,0
HBab68,Bambasi,20,0
HBab92,Bambasi,20,0
HAss51,Asosa,20,0
HBab7,Bambasi,20,0
HBab75,Bambasi,20,0
HBab80,Bambasi,20,0
HBab81,Bambasi,20,0
HShr35,Sherkole,20,0
LBab37,Bambasi,20,0
LBab56,Bambasi,20,0
LBab57,Bambasi,20,0
LBab67,Bambasi,20,0
LBab82,Bambasi,20,0
HBab9,Bambasi,20,0
HBab21,Bambasi,20,0
HBab37,Bambasi,20,0
LBab1,Bambasi,20,0
LBab30,Bambasi,20,0
HBab13,Bambasi,20,0
HBab15,Bambasi,20,0
HBab17,Bambasi,20,0
HBab79,Bambasi,20,0
HBab95,Bambasi,20,0
HBab100,Bambasi,20,0
HBab118,Bambasi,20,0
LBab98,Bambasi,20,0
HKum9,Kurmuk,20,0
HAss14,Asosa,21,0
HAss42,Asosa,21,0
HKum11,Kurmuk,21,0
HShr118,Sherkole,21,0
HShr122,Sherkole,21,0
HShr17,Sherkole,21,0
HShr49,Sherkole,21,0
HShr70,Sherkole,21,0
HShr80,Sherkole,21,0
HShr82,Sherkole,21,0
HKum47,Kurmuk,21,0
HShr86,Sherkole,21,0
HShr98,Sherkole,21,0
LKum28,Kurmuk,21,0
LKum61,Kurmuk,21,0
LKum74,Kurmuk,21,0
LShr108,Sherkole,21,0
LShr112,Sherkole,21,0
LShr116,Sherkole,21,0
LShr132,Sherkole,21,0
LShr133,Sherkole,21,0
LShr157,Sherkole,21,0
LShr165,Sherkole,21,0
LShr171,Sherkole,21,0
LShr177,Sherkole,21,0
LShr44,Sherkole,21,0
LShr64,Sherkole,21,0
LShr86,Sherkole,21,0
HAss35,Asosa,21,0
HKum57,Kurmuk,21,0
HKum67,Kurmuk,21,0
HShr105,Sherkole,21,0
HShr12,Sherkole,21,0
HShr133,Sherkole,21,0
HShr3,Sherkole,21,0
HShr44,Sherkole,21,0
HShr48,Sherkole,21,0
HShr64,Sherkole,21,0
HShr87,Sherkole,21,0
LKum58,Kurmuk,21,0
LShr61,Sherkole,21,0
LShr73,Sherkole,21,0
HAss23,Asosa,21,0
HAss39,Asosa,21,0
HKum19,Kurmuk,21,0
HKum34,Kurmuk,21,0
HShr114,Sherkole,21,0
HShr126,Sherkole,21,0
HShr14,Sherkole,21,0
HShr146,Sherkole,21,0
HShr148,Sherkole,21,0
HShr161,Sherkole,21,0
HShr182,Sherkole,21,0
HShr31,Sherkole,21,0
HShr45,Sherkole,21,0
HShr65,Sherkole,21,0
HShr71,Sherkole,21,0
HShr77,Sherkole,21,0
HShr88,Sherkole,21,0
HShr96,Sherkole,21,0
LAss15,Asosa,21,0
LKum12,Kurmuk,21,0
LKum17,Kurmuk,21,0
LShr3,Sherkole,21,0
LShr5,Sherkole,21,0
HBab18,Bambasi,21,0
HBab23,Bambasi,21,0
HBab24,Bambasi,21,0
HBab25,Bambasi,21,0
HBab47,Bambasi,21,0
HBab48,Bambasi,21,0
HBab49,Bambasi,21,0
HBab50,Bambasi,21,0
HBab64,Bambasi,21,0
HBab66,Bambasi,21,0
HBab68,Bambasi,21,0
HBab92,Bambasi,21,0
HAss51,Asosa,21,0
HBab7,Bambasi,21,0
HBab75,Bambasi,21,0
HBab80,Bambasi,21,0
HBab81,Bambasi,21,0
HShr35,Sherkole,21,0
LBab37,Bambasi,21,0
LBab56,Bambasi,21,0
LBab57,Bambasi,21,0
LBab67,Bambasi,21,0
LBab82,Bambasi,21,0
HBab9,Bambasi,21,0
HBab21,Bambasi,21,0
HBab37,Bambasi,21,0
LBab1,Bambasi,21,0
LBab30,Bambasi,21,0
HBab13,Bambasi,21,0
HBab15,Bambasi,21,0
HBab17,Bambasi,21,0
HBab79,Bambasi,21,0
HBab95,Bambasi,21,0
HBab100,Bambasi,21,0
HBab118,Bambasi,21,0
LBab98,Bambasi,21,0
HKum9,Kurmuk,21,0
HAss14,Asosa,22,0
HAss42,Asosa,22,0
HKum11,Kurmuk,22,0
HShr118,Sherkole,22,0
HShr122,Sherkole,22,0
HShr17,Sherkole,22,0
HShr49,Sherkole,22,0
HShr70,Sherkole,22,0
HShr80,Sherkole,22,0
HShr82,Sherkole,22,0
HKum47,Kurmuk,22,0
HShr86,Sherkole,22,0
HShr98,Sherkole,22,0
LKum28,Kurmuk,22,0
LKum61,Kurmuk,22,0
LKum74,Kurmuk,22,0
LShr108,Sherkole,22,0
LShr112,Sherkole,22,0
LShr116,Sherkole,22,0
LShr132,Sherkole,22,0
LShr133,Sherkole,22,0
LShr157,Sherkole,22,0
LShr165,Sherkole,22,0
LShr171,Sherkole,22,0
LShr177,Sherkole,22,0
LShr44,Sherkole,22,0
LShr64,Sherkole,22,0
LShr86,Sherkole,22,0
HAss35,Asosa,22,0
HKum57,Kurmuk,22,0
HKum67,Kurmuk,22,0
HShr105,Sherkole,22,0
HShr12,Sherkole,22,0
HShr133,Sherkole,22,0
HShr3,Sherkole,22,0
HShr44,Sherkole,22,0
HShr48,Sherkole,22,0
HShr64,Sherkole,22,0
HShr87,Sherkole,22,0
LKum58,Kurmuk,22,0
LShr61,Sherkole,22,0
LShr73,Sherkole,22,0
HAss23,Asosa,22,0
HAss39,Asosa,22,0
HKum19,Kurmuk,22,0
HKum34,Kurmuk,22,0
HShr114,Sherkole,22,0
HShr126,Sherkole,22,0
HShr14,Sherkole,22,0
HShr146,Sherkole,22,0
HShr148,Sherkole,22,0
HShr161,Sherkole,22,0
HShr182,Sherkole,22,0
HShr31,Sherkole,22,0
HShr45,Sherkole,22,0
HShr65,Sherkole,22,0
HShr71,Sherkole,22,0
HShr77,Sherkole,22,0
HShr88,Sherkole,22,0
HShr96,Sherkole,22,0
LAss15,Asosa,22,0
LKum12,Kurmuk,22,0
LKum17,Kurmuk,22,0
LShr3,Sherkole,22,0
LShr5,Sherkole,22,0
HBab18,Bambasi,22,0
HBab23,Bambasi,22,0
HBab24,Bambasi,22,0
HBab25,Bambasi,22,0
HBab47,Bambasi,22,0
HBab48,Bambasi,22,0
HBab49,Bambasi,22,0
HBab50,Bambasi,22,0
HBab64,Bambasi,22,0
HBab66,Bambasi,22,0
HBab68,Bambasi,22,0
HBab92,Bambasi,22,0
HAss51,Asosa,22,0
HBab7,Bambasi,22,0
HBab75,Bambasi,22,0
HBab80,Bambasi,22,0
HBab81,Bambasi,22,0
HShr35,Sherkole,22,0
LBab37,Bambasi,22,0
LBab56,Bambasi,22,0
LBab57,Bambasi,22,0
LBab67,Bambasi,22,0
LBab82,Bambasi,22,0
HBab9,Bambasi,22,0
HBab21,Bambasi,22,0
HBab37,Bambasi,22,0
LBab1,Bambasi,22,0
LBab30,Bambasi,22,0
HBab13,Bambasi,22,0
HBab15,Bambasi,22,0
HBab17,Bambasi,22,0
HBab79,Bambasi,22,0
HBab95,Bambasi,22,0
HBab100,Bambasi,22,0
HBab118,Bambasi,22,0
LBab98,Bambasi,22,0
HKum9,Kurmuk,22,0
HAss14,Asosa,23,0
HAss42,Asosa,23,0
HKum11,Kurmuk,23,0
HShr118,Sherkole,23,0
HShr122,Sherkole,23,0
HShr17,Sherkole,23,0
HShr49,Sherkole,23,0
HShr70,Sherkole,23,0
HShr80,Sherkole,23,0
HShr82,Sherkole,23,0
HKum47,Kurmuk,23,0
HShr86,Sherkole,23,0
HShr98,Sherkole,23,0
LKum28,Kurmuk,23,0
LKum61,Kurmuk,23,0
LKum74,Kurmuk,23,0
LShr108,Sherkole,23,0
LShr112,Sherkole,23,0
LShr116,Sherkole,23,0
LShr132,Sherkole,23,0
LShr133,Sherkole,23,0
LShr157,Sherkole,23,0
LShr165,Sherkole,23,0
LShr171,Sherkole,23,0
LShr177,Sherkole,23,0
LShr44,Sherkole,23,0
LShr64,Sherkole,23,0
LShr86,Sherkole,23,0
HAss35,Asosa,23,0
HKum57,Kurmuk,23,0
HKum67,Kurmuk,23,0
HShr105,Sherkole,23,0
HShr12,Sherkole,23,0
HShr133,Sherkole,23,0
HShr3,Sherkole,23,0
HShr44,Sherkole,23,0
HShr48,Sherkole,23,0
HShr64,Sherkole,23,0
HShr87,Sherkole,23,0
LKum58,Kurmuk,23,0
LShr61,Sherkole,23,0
LShr73,Sherkole,23,0
HAss23,Asosa,23,0
HAss39,Asosa,23,0
HKum19,Kurmuk,23,0
HKum34,Kurmuk,23,0
HShr114,Sherkole,23,0
HShr126,Sherkole,23,0
HShr14,Sherkole,23,0
HShr146,Sherkole,23,0
HShr148,Sherkole,23,0
HShr161,Sherkole,23,0
HShr182,Sherkole,23,0
HShr31,Sherkole,23,0
HShr45,Sherkole,23,0
HShr65,Sherkole,23,0
HShr71,Sherkole,23,0
HShr77,Sherkole,23,0
HShr88,Sherkole,23,0
HShr96,Sherkole,23,0
LAss15,Asosa,23,0
LKum12,Kurmuk,23,0
LKum17,Kurmuk,23,0
LShr3,Sherkole,23,0
LShr5,Sherkole,23,0
HBab18,Bambasi,23,0
HBab23,Bambasi,23,0
HBab24,Bambasi,23,0
HBab25,Bambasi,23,0
HBab47,Bambasi,23,0
HBab48,Bambasi,23,0
HBab49,Bambasi,23,0
HBab50,Bambasi,23,0
HBab64,Bambasi,23,0
HBab66,Bambasi,23,0
HBab68,Bambasi,23,0
HBab92,Bambasi,23,0
HAss51,Asosa,23,0
HBab7,Bambasi,23,0
HBab75,Bambasi,23,0
HBab80,Bambasi,23,0
HBab81,Bambasi,23,0
HShr35,Sherkole,23,0
LBab37,Bambasi,23,0
LBab56,Bambasi,23,0
LBab57,Bambasi,23,0
LBab67,Bambasi,23,0
LBab82,Bambasi,23,0
HBab9,Bambasi,23,0
HBab21,Bambasi,23,0
HBab37,Bambasi,23,0
LBab1,Bambasi,23,0
LBab30,Bambasi,23,0
HBab13,Bambasi,23,0
HBab15,Bambasi,23,0
HBab17,Bambasi,23,0
HBab79,Bambasi,23,0
HBab95,Bambasi,23,0
HBab100,Bambasi,23,0
HBab118,Bambasi,23,0
LBab98,Bambasi,23,0
HKum9,Kurmuk,23,0
HAss14,Asosa,24,0
HAss42,Asosa,24,0
HKum11,Kurmuk,24,0
HShr118,Sherkole,24,0
HShr122,Sherkole,24,0
HShr17,Sherkole,24,0
HShr49,Sherkole,24,0
HShr70,Sherkole,24,0
HShr80,Sherkole,24,0
HShr82,Sherkole,24,0
HKum47,Kurmuk,24,0
HShr86,Sherkole,24,0
HShr98,Sherkole,24,0
LKum28,Kurmuk,24,0
LKum61,Kurmuk,24,0
LKum74,Kurmuk,24,0
LShr108,Sherkole,24,0
LShr112,Sherkole,24,0
LShr116,Sherkole,24,0
LShr132,Sherkole,24,0
LShr133,Sherkole,24,0
LShr157,Sherkole,24,0
LShr165,Sherkole,24,0
LShr171,Sherkole,24,0
LShr177,Sherkole,24,0
LShr44,Sherkole,24,0
LShr64,Sherkole,24,0
LShr86,Sherkole,24,0
HAss35,Asosa,24,0
HKum57,Kurmuk,24,0
HKum67,Kurmuk,24,0
HShr105,Sherkole,24,0
HShr12,Sherkole,24,0
HShr133,Sherkole,24,0
HShr3,Sherkole,24,0
HShr44,Sherkole,24,0
HShr48,Sherkole,24,0
HShr64,Sherkole,24,0
HShr87,Sherkole,24,0
LKum58,Kurmuk,24,0
LShr61,Sherkole,24,0
LShr73,Sherkole,24,0
HAss23,Asosa,24,0
HAss39,Asosa,24,0
HKum19,Kurmuk,24,0
HKum34,Kurmuk,24,0
HShr114,Sherkole,24,0
HShr126,Sherkole,24,0
HShr14,Sherkole,24,0
HShr146,Sherkole,24,0
HShr148,Sherkole,24,0
HShr161,Sherkole,24,0
HShr182,Sherkole,24,0
HShr31,Sherkole,24,0
HShr45,Sherkole,24,0
HShr65,Sherkole,24,0
HShr71,Sherkole,24,0
HShr77,Sherkole,24,0
HShr88,Sherkole,24,0
HShr96,Sherkole,24,0
LAss15,Asosa,24,0
LKum12,Kurmuk,24,0
LKum17,Kurmuk,24,0
LShr3,Sherkole,24,0
LShr5,Sherkole,24,0
HBab18,Bambasi,24,0
HBab23,Bambasi,24,0
HBab24,Bambasi,24,0
HBab25,Bambasi,24,0
HBab47,Bambasi,24,0
HBab48,Bambasi,24,0
HBab49,Bambasi,24,0
HBab50,Bambasi,24,0
HBab64,Bambasi,24,0
HBab66,Bambasi,24,0
HBab68,Bambasi,24,0
HBab92,Bambasi,24,0
HAss51,Asosa,24,0
HBab7,Bambasi,24,0
HBab75,Bambasi,24,0
HBab80,Bambasi,24,0
HBab81,Bambasi,24,0
HShr35,Sherkole,24,0
LBab37,Bambasi,24,0
LBab56,Bambasi,24,0
LBab57,Bambasi,24,0
LBab67,Bambasi,24,0
LBab82,Bambasi,24,0
HBab9,Bambasi,24,0
HBab21,Bambasi,24,0
HBab37,Bambasi,24,0
LBab1,Bambasi,24,0
LBab30,Bambasi,24,0
HBab13,Bambasi,24,0
HBab15,Bambasi,24,0
HBab17,Bambasi,24,0
HBab79,Bambasi,24,0
HBab95,Bambasi,24,0
HBab100,Bambasi,24,0
HBab118,Bambasi,24,0
LBab98,Bambasi,24,0
HKum9,Kurmuk,24,0
