id,dna_sequence,aa_sequence,Type_1,Type_2,Type_3,Type_4,Type_5,Type_6,Type_7,Type_8,Type_9,Type_10,Type_11,Type_12,Type_13,Type_14,Type_15,Type_16,Type_17,Type_18,Type_19,Type_20,Type_21,Type_22,Type_23,Type_24,workLiving,Address,ResultBF,SpeciesmalaBF,PfPLDH,PfHRP2,Parasitemia,Pf18sqPCR,qPCRcateg34,paradencateg
HAss14,AATAAGAGATTATTACACGAAACTCAAGCACATGTAGATGATGCCCATCATGCTCATCATGTAGCCGATGCCCATCATGCTCATCATGTAGCCGATGCCCATCATGCTCATCATGTAGCCGATGCCCATCATGCTCATCATGCAGCCGATGCCCATCATGCTCATCATGCAGCCGATGCCCATCATGCTCATCATGCAGCCTATGCCCATCATGCTCATCATGCAGCCGATGCCCATCACGCTCATCATGCAGCCGATGCCCATCATGCTCACCATGCAGCTGATGCTCATCAYGCTCATCATGCAGCCGATGCCCATCATGCTCATCATGCAGCCGATGCCCATCATGCTCAYCATGCAGCTGATGCTCATCATGCTCATCATGCAGCYGATGCCCATCATGCTCATCATGCAGCYGATGCCCATCATGCTCATCATGCAGCTGATGCTCAYCATGCAGCTYATGCCCATCATGCTCATCATGCAGMTGATGCTCATCATGCAGCYGATGCTCACCATGCASCCGATGCTCATCATGCTCAYCATGCAGMCGATGCTCAYCATGCANCCGATGCTCATCATGCAGCCGATGCTCACCATGCAGCYGATGCTCACCATGCAACYGATGCTCATCATGCAGCYGATGCTCACCATGCAGCCGATGCTCACCATGCAGCCGATGCTCATCATGCAGCCGCACACCATGCAACTGATGCTCACCATGCAGCCGCACACCATGCAACCGATGCTC,NKRLLHETQAHVDDAHHAHHVADAHHAHHVADAHHAHHVADAHHAHHAADAHHAHHAADAHHAHHAAYAHHAHHAADAHHAHHAADAHHAHHAADAHHAHHAADAHHAHHAADAHHAHHAADAHHAHHAADAHHAHHAADAHHAHHAADAHHAAXAHHAHHAXDAHHAADAHHAXDAHHAHHAXDAHHAXDAHHAADAHHAADAHHATDAHHAADAHHAADAHHAADAHHAAAHHATDAHHAAAHHATDA,9,9,9,3,0,6,6,6,3,11,0,0,0,0,0,0,0,0,5,0,0,0,0,0,4,1,1,1,1,1,560,22.37,1,3
HAss42,ATAAGAGATTATTACACGAAACTCAAGCACATGTAGATGATGCCCATCATGCTCATCATGTAGCCGATGCCCATCATGCTCATCATGTAGCCGATGCCCATCATGCTCATCATGTAGCCGATGCCCATCATGCTCATCATGCAGCCGATGCCCATCATGCTCATCATGCAGCCGATGCCCATCATGCTCATCATGCAGCCTATGCCCATCATGCTCATCATGCAGCCGATGCTCATCATGCTCACCATGCAGCCGATGCCCATCAYGCTCATCATGCAGCCGATGCCCATCATGCTCACCATGCAGCCGATGCCCATCAYGCTCATCATGCAGCCGATGCCCATCATGCTCACCATGCAGCCGATGCCCATCATGCTCATCATGCAGCCGATGCCCATCATGCTCACCATGCAGCTGATGCTCATCAYGCTCATCATGCAGCCGATGCCCATCATGCTCATCATGCAGCCGATGCCCATCATGCTCACCATGCAGCTGATGCTCATCATGCTCATCATGCAGCCGATGCCCATCATGCTCACCATGCAGCTGATGCTCACCATGCAGCTTATGCCCATCACGCTCATCATGCAGCTGATGCTCATCATGCAGCCGATGCTCACCATGCAACCGATGCTCATCACGCTCACCATGCAGCCGATGCTCACCATGCAACCGATGCTCATCATGCAACCGATGCTCACCATGCAGCCGATGCTCATCATGCAGCCGATGCTCACCATGCAGCCGATGCTCACCATGCAACTGAT,KRLLHETQAHVDDAHHAHHVADAHHAHHVADAHHAHHVADAHHAHHAADAHHAHHAADAHHAHHAAYAHHAHHAADAHHAHHAADAHXAHHAADAHHAHHAADAHXAHHAADAHHAHHAADAHHAHHAADAHHAHHAADAHXAHHAADAHHAHHAADAHHAHHAADAHHAHHAADAHHAHHAADAHHAAYAHHAHHAADAHHAADAHHATDAHHAHHAADAHHATDAHHATDAHHAADAHHAADAHHAADAHHATD,9,9,9,3,0,6,6,6,3,0,0,0,0,0,0,0,0,0,5,0,0,0,0,0,4,Baro,1,1,1,2,400,25.51,1,2
HKum11,ATAAGAGATTATTACACGAAACTCAAGCACATGTAGATGATGCCCATCATGCTCATCATGTAGCCGATGCCCATCATGCTCATCATGTAGCCGATGCCCATCATGCTCATCATGCAGCCGATGCCCATCATGCTCATCATGCAGCCGATGCCCATCATGCTCATCATGCAGCCTATGCCCATCATGCTCATCATGCAGCCGATGCTCACCATGCAACCGATGCTCATCATGCAGCCGATGCTCACCATGCAGCCGATGCTCACCATGCAACCGATGCTCATCACGCTCATCATGCAGCCGATGCCCATCACGCTCACCATGCAGCCGATGCTCATCACGCTCATCATGCAGCCGATGCCCATCATGCTCATCATGCAGCCGATGCCCATCATGCTCATCATGCAGCCGATGCCCATCATGCTCACCATGCAGCTGATGCTCATCACGCTCATCATGCAGCCGATGCCCATCATGCTCATCATGCAGCCTATGCCCATCATGCTCATCATGCATCCGATGCTCATCATGCAGCTGATGCTCACCATGCAGCTTATGCCCATCACGCTCATCATGCAGCTGATGCTCATCATGCAGCCGATGCTCACCATGCAACCGATGCTCATCACGCTCACCATGCAGCCGATGCTCACCATGCAACCGATGCTCATCATGCAGCCGATGCTCACCATGCAGCCGATGCTCACCATGCAGCCGATGCTCATCATGCAGCCGCACACCATGCAACTGATGCTCACCATGCAGCCGCACACCATGCAACCGATG,KRLLHETQAHVDDAHHAHHVADAHHAHHVADAHHAHHAADAHHAHHAADAHHAHHAAYAHHAHHAADAHHATDAHHAADAHHAADAHHATDAHHAHHAADAHHAHHAADAHHAHHAADAHHAHHAADAHHAHHAADAHHAHHAADAHHAHHAADAHHAHHAAYAHHAHHASDAHHAADAHHAAYAHHAHHAADAHHAADAHHATDAHHAHHAADAHHATDAHHAADAHHAADAHHAADAHHAAAHHATDAHHAAAHHATD,9,9,9,3,9,6,6,6,3,11,0,0,6,0,0,0,0,0,5,0,0,0,0,0,3,Harzabb,1,1,1,1,160,26.95,1,1
HShr118,AGAGATTATTACACGAAACTCAAGCACATGTAGATGATGCCCATCATGCTCATCATGTAGCCGATGCCCATCATGCTCATCATGTAGCCGATGCCCATCATGCTCATCATGTAGCCGATGCCCATCATGCTCATCATGCAGCCGATGCCCATCATGCTCATCATGCAGCCGATGCCCATCATGCTCATCATGCAGCCGATGCCCATCATGCTCATCATGCTCACCATGCAGCCGATGCCCATCAYGCTCATCATGCAGCCGATGCCCATCATGCTCACCATGCAGCTGATGCTCATCACGCTCATCATGCAGCCGATGCCCATCATGCTCATCATGCAGCCGATGCCCATCATGCTCACCATGCAGCTGATGCTCATCACGCTCATCATGCAGCCGATGCCCATCATGCCCATCATGCTCATCATGCAGCCTATGCCCATCATGCTCATCATGCATCCGATGCTCATCATGCAGCTGATGCTCACCATGCAGCTTATGCCCATCACGCTCATCATGCAGCTGATGCTCATCATGCAGCCGATGCTCACCATGCAGCCGATGCTCATCATGCAGCCGCACACCATGCAACTGATGCTCACCATGCAGCCGCACACCATGCAACCGATG,RLLHETQAHVDDAHHAHHVADAHHAHHVADAHHAHHVADAHHAHHAADAHHAHHAADAHHAHHAADAHHAHHAHHAADAHXAHHAADAHHAHHAADAHHAHHAADAHHAHHAADAHHAHHAADAHHAHHAADAHHAHHAHHAAYAHHAHHASDAHHAADAHHAAYAHHAHHAADAHHAADAHHAADAHHAAAHHATDAHHAAAHHATD,9,9,9,3,9,6,6,6,3,11,0,0,6,0,0,0,0,0,5,0,0,0,0,0,1,Belmo,1,1,1,1,11880,22.11,1,5
HShr122,TTATTACACGAAACTCAAGCACATGTAGATGATGCCCATCATGCTCATCATGTAGCCGATGCCCATCATGCTCATCATGTAGCCGATGCCCATCATGCTCATCATGCAGCCGATGCCCATCATGCTCATCATGCAGCCGATGCCCATCATGCTCATCATGCAGCCTATGCCCATCATGCTCATCATGCAGCCGATGCTCACCATGCAACCGATGCTCATCATGCAGCCGATGCTCACCATGCAGCCGATGCTCACCATGCAACCGATGCTCATCACGCTCATCATGCAGCCGATGCCCATCACGCTCACCATGCAGCCGATGCTCATCAYGCTCATCATGCAGCCGATGCCCATCATGCTCATCATGCAGCCGATGCCCATCATGCTCATCATGCAGCCGATGCCCATCATGCTCACCATGCAGCTGATGCTCATCACGCTCATCATGCAGCCGATGCCCATCATGCTCATCATGCAGCCTATGCCCATCATGCTCATCATGCATCCGATGCTCATCATGCAGCTGATGCTCACCATGCAGCTTATGCCCATCACGCTCATCATGCAGCTGATGCTCATCATGCAGCCGATGCTCACCATGCAACCGATGCTCATCACGCTCACCATGCAGCCGATGCTCACCATGCAACCGATGCTCATCATGCAGCCGATGCTCACCATGCAGCCGATGCTCACCATGCAGCCGATGCTCATCATGCAGCCGCACACCATGCAACTGATGCTCACCATGCAGCCGCACACCATGCAACCGATG,LLHETQAHVDDAHHAHHVADAHHAHHVADAHHAHHAADAHHAHHAADAHHAHHAAYAHHAHHAADAHHATDAHHAADAHHAADAHHATDAHHAHHAADAHHAHHAADAHXAHHAADAHHAHHAADAHHAHHAADAHHAHHAADAHHAHHAADAHHAHHAAYAHHAHHASDAHHAADAHHAAYAHHAHHAADAHHAADAHHATDAHHAHHAADAHHATDAHHAADAHHAADAHHAADAHHAAAHHATDAHHAAAHHATD,9,9,9,3,9,6,6,6,3,11,0,0,6,0,0,0,0,0,5,0,0,0,0,0,1,Belmo,1,1,1,1,160,27.73,1,1
HShr17,GAGATTATTACACGAAACTCAAGCACATGTAGATGATGCCCATCATGCTCATCATGTAGCCGATGCCCATCATGCTCATCATGTAGCCGATGCCCATCATGCTCATCATGTAGCCGATGCCCATCATGCTCATCATGTAGCCGATGCCCATCATGCTCATCATGTAGCCGATGCCCATCATGCTCATCATGCAGCCGATGCCCATCATGCTCATCATGCAGCCGATGCCCATCACGCTCATCATGCAGCCGATGCCCATCATGCTCACCATGCAGCTGATGCTCATCACGCTCATCATGCAGCCGATGCCCATCATGCTCATCATGCAGCCGATGCCCATCATGCTCACCATGCAGCTGATGCTCATCACGCTCATCATGCAGCCGATGCCCATCATGCTCATCATGCAGCCTATGCCCATCATGCTCATCATGCATCCGATGCTCATCATGCAGCTGATGCTCACCATGCAGCTTATGCCCATCACGCTCATCATGCAGCTGATGCTCATCATGCAGCCGATGCTCACCATGCAACCGATGCTCATCACGCTCACCATGCAGCCGATGCTCACCATGCAACCGATGCTCACCATGCAACCGATGCTCACCATGCAACCGATGCTCATCACGCTCACCATGCAGCCGATGCTCATCATGCAGCCGATGCTCATCATGCAGCCGATGCTCACCATGCAACCGATGCTCATCATGCAGCCGATGCTCACCATGCAGCCGATGCTCACCATGCAACCGATGCTCATCACGCTCACCATGCAGCCGATGCTCATCATGCAGCCGCACACCATGCAACCGATGC,RLLHETQAHVDDAHHAHHVADAHHAHHVADAHHAHHVADAHHAHHVADAHHAHHVADAHHAHHAADAHHAHHAADAHHAHHAADAHHAHHAADAHHAHHAADAHHAHHAADAHHAHHAADAHHAHHAADAHHAHHAAYAHHAHHASDAHHAADAHHAAYAHHAHHAADAHHAADAHHATDAHHAHHAADAHHATDAHHATDAHHATDAHHAHHAADAHHAADAHHAADAHHATDAHHAADAHHAADAHHATDAHHAHHAADAHHAAAHHATD,9,9,9,3,9,6,6,6,3,11,0,0,6,0,0,0,0,0,5,0,0,0,0,0,1,Mekuzum,1,1,1,1,240,29.28,1,2
HShr49,ATAAGAGATTATTACACGAAACTCAAGCACATGTAGATGATGCCCATCATGCTCATCATGTAGCCGATGCCCATCATGCTCATCATGTAGCCGATGCCCATCATGCTCATCATGTAGCCGATGCCCATCATGCTCATCATGCAGCCGATGCCCATCATGCTCATCATGCAGCCGATGCCCATCATGCTCATCATGCAGCCGATGCCCATCATGCTCATCATGCTCACCATGCAGCCGATGCCCATCAYGCTCATCATGCAGCYGATGCCCATCATGCTCACCATGCAGCTGATGCTCATCAYGCTCATCATGCAGCCGATGCCCATCATGCTCATCATGCAGCCGATGCCCATCATGCTCACCATGCAGCTGATGCTCATCACGCTCATCATGCAGCCGATGCCCATCATGCCCATCATGCTCATCATGCAGCCTATGCCCATCATGCTCATCATGCATCCGATGCTCATCATGCAGCTGATGCTCACCATGCAGCTTATGCCCATCACGCTCATCATGCAGCTGATGCTCATCATGCAGCCGATGCTCACCATGCAGCCGATGCTCATCATGCAGCCGCACACCATGCAACTGATGCTCACCATGCAGCCGCACACCATGCAACCGATGC,KRLLHETQAHVDDAHHAHHVADAHHAHHVADAHHAHHVADAHHAHHAADAHHAHHAADAHHAHHAADAHHAHHAHHAADAHXAHHAXDAHHAHHAADAHXAHHAADAHHAHHAADAHHAHHAADAHHAHHAADAHHAHHAHHAAYAHHAHHASDAHHAADAHHAAYAHHAHHAADAHHAADAHHAADAHHAAAHHATDAHHAAAHHATD,9,9,9,3,9,6,6,6,3,11,0,0,6,0,0,0,0,0,5,0,0,0,0,0,1,Belmo,1,1,1,1,1400,22.92,1,3
HShr70,AGATTATTACACGAAACTCAAGCACATGTAGATGATGCCCATCATGCTCATCATGTAGCCGATGCCCATCATGCTCATCATGTAGCCGATGCCCATCATGCTCATCATGTAGCCGATGCCCATCATGCTCATCATGCAGCCGATGCCCATCATGCTCATCATGCAGCCGATGCCCATCATGCTCATCATGCTCACCATGCACCCGATGCCCATCATGCTCATCATGCTCACCATGCAGATGATGCCCATCACGCTCATCATGCAGCYGATGCCCATCATGCTCACCATGCAGCTGATGCTCATCAYGCTCATCATGCAGCCGATGCCCATCATGCTCATCATGCAGCCGATGCCCATCATGCTCACCATGCAGCTGATGCTCATCACGCTCATCATGCAGCCGATGCCCATCATGCTCATCATGCAGCCTATGCCCATCATGCTCATCATGCATCCGATGCTCATCATGCAGCTGATGCTCACCATGCAGCTTATGCCCATCACGCTCATCATGCAGCTGATGCTCATCATGCAGCCGATGCTCACCATGCAACCGATGCTCATCATGCAGCCGATGCTCACCATGCAGCCGATGCTCACCATGCAACCGATGCTCATCACGCTCACCATGCAGCCGATGCTCATCATGCAGCCGCACACCATGCAACTGATGCTCACCATGCAGCCGCACACCATGCAACCGATG,RLLHETQAHVDDAHHAHHVADAHHAHHVADAHHAHHVADAHHAHHAADAHHAHHAADAHHAHHAHHAPDAHHAHHAHHADDAHHAHHAADAHHAHHAADAHHAHHAADAHHAHHAADAHHAHHAADAHHAHHAADAHHAHHAAYAHHAHHASDAHHAADAHHAAYAHHAHHAADAHHAADAHHATDAHHAADAHHAADAHHATDAHHAHHAADAHHAAAHHATDAHHAAAHHATD,9,9,9,3,9,6,6,6,3,11,0,0,6,0,0,0,0,0,5,0,0,0,0,0,1,Kolech,1,1,1,1,7200,21.84,1,4
HShr80,TTATTACACGAAACTCAAGCACATGTAGATGATGCCCATCATGCTCATCATGTAGCCGATGCCCATCATGCTCATCATGTAGCCGATGCCCATCATGCTCATCATGTAGCCGATGCCCATCATGCTCATCATGCAGCCGATGCCCATCATGCTCATCATGCAGCCGATGCCCATCATGCTCATCATGCTCACCATGCAGCCGATGCCCATCATGCTCATCATGCAGCCGATGCCCATCATGCTCATCATGCTCACCATGCAGCCGATGCCCATCATGCTCATCATGCTCACCATGCAGCCSATGCCCATCACGCTCATCATGCAGCCGATGCCCATCATGCTCACCATGCAGCTGATGCTCATCAYGCTCATCATGCAGCCGATGCCCATCATGCTCACCATGCAGCTGATGCTCATCAYGCTCATCATGCAGCCGATGCCCATCATGCTCATCATGCAGCCTATGCCCATCATGCTCATCATGCATCCGATGCTCATCATGCAGCTGATGCTCACCATGCAGCTTATGCCCATCATGCTCATCATGCAGCCGATGCTCATCATGCAGCYGATGCTCATCATGCAGCCGATGCTCATCATGCAGCCGATGCTCACCATGCAACCGATGCTCATCATGCAGCCGATGCTCACCATGCAGCYGATGCTCACCATGCAACCGATGCTCATCACGCTCACCATGCAGCCGATGCTCATCATGCAGCCGCACACCATGCAACTGATGCTCACCATGCAGCCGCACACCATGCAACCGATGCTC,LLHETQAHVDDAHHAHHVADAHHAHHVADAHHAHHVADAHHAHHAADAHHAHHAADAHHAHHAHHAADAHHAHHAADAHHAHHAHHAADAHHAHHAHHAAXAHHAHHAADAHHAHHAADAHHAHHAADAHHAHHAADAHHAHHAADAHHAHHAAYAHHAHHASDAHHAADAHHAAYAHHAHHAADAHHAADAHHAADAHHAADAHHATDAHHAADAHHAADAHHATDAHHAHHAADAHHAAAHHATDAHHAAAHHATDA,9,9,9,3,9,6,6,6,3,11,0,0,6,0,0,0,0,0,5,0,0,0,0,0,1,Kolech,1,1,1,1,320,22.97,1,2
HShr82,AGAGATTATTACACGAAACTCAAGCACATGTAGATGATGCCCATCATGCTCATCATGTAGCCGATGCCCATCACGCTCATCATGTAGCCGATGCCCATCATGCTCATCATGCAGCCGATGCCCATCATGCTCATCATGCAGCCGATGCCCATCATGCTCATCATGCAGCCGATGCCCATCATGCTCATCATGCASCCSATGCCCATCATGCTCATCATGCASCCSATGCTCACCATGCWACCSATGCTCATCATGCASCCSATGCTCACCATGCWSCCSATGCTCATCATGCWCCCSATGCTCACCATGCWSCCSATGCTCATCACGCTCACCATGCWSCCGATGCTCATCACGCTCATCATGCAGCCGATGCCCATCATGCTCATCATGCAGCCGATGCCCATCATGCTCACCATGCAGCTGATGCTCATCAYGCTCATCATGCAGCCGATGCCCATCATGCTCATCATGCAGCCTATGCCCATCATGCTCATCATGCATCCGATGCTCATCATGCAGMTGATGCTCACCATGCAGCTTATGCCCATCACGCTCATCATGCAGCTGATGCTCATCATGCAGCCGATGCTCACCATGCAACCGATGCTCATCATGCAGCCGATGCTCATCACGCTCACCATGCAGCCGATGCTCACCATGCAACCGATGCTCATCACGCTCACCATGCAGCCGATGCTCATCATGCAGCCGCACACCATGCAACTGATGCTC,RLLHETQAHVDDAHHAHHVADAHHAHHVADAHHAHHAADAHHAHHAADAHHAHHAADAHHAHHAXXAHHAHHAXXAHHXTXAHHAXXAHHXXXAHHXPXAHHXXXAHHAHHXXDAHHAHHAADAHHAHHAADAHHAHHAADAHXAHHAADAHHAHHAAYAHHAHHASDAHHAXDAHHAAYAHHAHHAADAHHAADAHHATDAHHAADAHHAHHAADAHHATDAHHAHHAADAHHAAAHHATDA,9,9,9,3,9,6,6,6,3,11,0,0,6,0,0,0,0,0,5,0,0,0,0,0,1,Awarbaju,1,1,2,1,280,28.96,1,2
HKum47,ATAAGAGATTATTACACGAAACTCAAGCACATGTAGATGATGCCCATCATGCTCATCATGTAGCCGATGCCCATCATGCTCATCATGTAGCCGATGCCCATCATGCTCATCATGCAGCCGATGCCCATCATGCTCATCATGCAGCCGATGCCCATCATGCTCATCATGCAGCCTATGCCCATCATGCTCATCATGCAGCCGATGCCCATCATGCTCATCATGCAGCCGATGCTCACCATGCAGCCGATGCTCACCATGCAGCCGATGCTCACCATGCAGCCGATGCTCACCATGCAGCCGATGCTCACCATGCAGCCGATGCTCACCATGCAGCCGATGCTCACCATGCAGCCGATGCTCACCATGCAGCCGATGCTCATCACGCTCATCATGCAGCCGATGCCCATCATGCTCATCATGCAGCCGATGCCCATCATGCTCATCATGCAGCCGATGCCCATCATGCTCACCATGCAGCTGATGCTCATCACGCTCATCATGCAGCCGATGCCCATCATGCTCATTATGCAGCCTATGCCCATCATGCTCATCATGCATCCGATGCTCATCATGCAGCTGATGCCCACCATGCAGCTTATGCCCATCACGCTCATCATGCAGCTGATGCTCATCATGCAGCCGATGCTCACCATGCAACCGATGCTCATCATGCAGCCGATGCTCACCATGCAACCGATGCTCATCATGCAGCCGATGCTCACCATGCAGCCGATGCTCACCATGCAACCGATGCTCATCACGCTCACCATGCAGCCGATGCTCATCACGCTCACCATGCAGCCGATGCTCATCATGCAGCCGCACACCATGCAACTGATGCTCACCATGCAGCCGCACACCATGCAACCGAT,KRLLHETQAHVDDAHHAHHVADAHHAHHVADAHHAHHAADAHHAHHAADAHHAHHAAYAHHAHHAADAHHAHHAADAHHAADAHHAADAHHAADAHHAADAHHAADAHHAADAHHAADAHHAADAHHAHHAADAHHAHHAADAHHAHHAADAHHAHHAADAHHAHHAADAHHAHYAAYAHHAHHASDAHHAADAHHAAYAHHAHHAADAHHAADAHHATDAHHAADAHHATDAHHAADAHHAADAHHATDAHHAHHAADAHHAHHAADAHHAAAHHATDAHHAAAHHATD,9,9,9,3,9,6,6,6,3,11,0,0,6,0,0,0,0,0,5,0,0,0,0,0,3,Harzabb,1,1,1,1,8280,22.77,1,4
HShr86,AGAGATTATTACACGAAACTCAAGCACATGTAGATGATGCCCATCATGCTCATCATGTAGCCGATGCCCATCATGCTCATCATGTAGCCGATGCCCATCATGCTCATCATGTAGCCGATGCCCATCATGCTCATCATGCAGCCGATGCCCATCATGCTCATCATGCAGCCGATGCCCATCATGCTCATCATGCAGCCGATGCCCATCATGCTCATCATGCAGCCGATGCCCATCATGCTCACCATGCAGCCGATGCCCATCACGCTCATCATGCAGCCGATGCCCATCATGCTCACCATGCAGCTGATGCTCATCACGCTCATCATGCAGCCGATGCCCATCATGCTCATCATGCAGCCGATGCCCATCATGCTCACCATGCAGCTGATGCTCATCACGCTCATCATGCAGCCGATGCCCATCATGCTCATCATGCAGCCTATGCCCATCATGCTCATCATGCATCCGATGCTCATCATGCAGCTGATGCTCACCATGCAGCTTATGCCCATCACGCTCATCATGCAGMTGATGCTCATCATGCAGCCGATGCTCACCATGCAACCGATGCTCATCACGCTCACCATGCAGCCGATGCTCACCATGCAACCGATGCTCATCATGCAGCCGATGCTCACCATGCAGCCGATGCTCACCATGCAGCCGATGCTCACCATGCAGCCGATGCTCATCATGCAGCCGCACACCATGCAA,RLLHETQAHVDDAHHAHHVADAHHAHHVADAHHAHHVADAHHAHHAADAHHAHHAADAHHAHHAADAHHAHHAADAHHAHHAADAHHAHHAADAHHAHHAADAHHAHHAADAHHAHHAADAHHAHHAADAHHAHHAADAHHAHHAAYAHHAHHASDAHHAADAHHAAYAHHAHHAXDAHHAADAHHATDAHHAHHAADAHHATDAHHAADAHHAADAHHAADAHHAADAHHAAAHHA,9,9,9,3,9,6,6,6,3,0,0,0,6,0,0,0,0,0,5,0,0,0,0,0,1,Halmo,1,1,1,1,1000,23.81,1,3
HShr98,AGAGATTATTACACGAAACTCAAGCACATGTAGATGATGCCCATCATGCTCATCATGTAGCCGATGCCCATCATGCTCATCATGTAGCCGATGCCCATCATGCTCATCATGTAGCCGATGCCCATCATGCTCATCATGCAGCCGATGCCCATCATGCTCATCATGCAGCCGATGCCCATCATGCTCATCATGCAGCCGATGCCCATCATGCTCATCATGCAGCCGATGCCCATCATGCTCACCATGCAGCCGATGCCCATCAYGCTCATCATGCAGCCGATGCCCATCATGCTCACCATGCAGCTGATGCTCATCACGCTCATCATGCAGCCGATGCCCATCATGCTCATCATGCAGCCGATGCCCATCATGCTCACCATGCAGCTGATGCTCATCAYGCTCATCATGCAGCCTATGCCCATCATGCTCATCATGCATCCGATGCTCATCATGCAGCTGATGCTCACCATGCAGCTTATGCCCATCAYGCTCATCATGCAGMTGATGCTCATCATGCAGCTGATGCTCATCATGCAGCCGATGCTCACCATGCAACCGATGCTCATCACGCTCACCATGCAGCYGATGCTCACCATGCAACYGATGCTCATCACGCTCACCATGCAGCYGATGCTCACCATGCAACYGATGCTCATCACGCTCACCATGCAGCYGATGCTCACCATGCAACCGATGCTCACCATGCAGCCGATGCTCACCATGC,RLLHETQAHVDDAHHAHHVADAHHAHHVADAHHAHHVADAHHAHHAADAHHAHHAADAHHAHHAADAHHAHHAADAHHAHHAADAHXAHHAADAHHAHHAADAHHAHHAADAHHAHHAADAHHAHHAADAHXAHHAAYAHHAHHASDAHHAADAHHAAYAHXAHHAXDAHHAADAHHAADAHHATDAHHAHHAXDAHHAXDAHHAHHAXDAHHAXDAHHAHHAXDAHHATDAHHAADAHH,9,9,0,3,9,6,6,6,3,0,0,0,6,0,0,0,0,0,5,0,0,0,0,0,1,Abafrbau,1,1,2,2,160,24.95,1,1
LKum28,TTTAATAATAACTTGTGTAGCAAAAATGCAAAAGGACTTAATTTAAATAAGAGATTATTACACGAAACTCAAGCACATGTAGATGATGCCCATCATGCTCATCATGTAGCCGATGCCCATCATGCTCATCATGCAGCTGATGCTCATCACGCTCATCATGCAGCCGATGCCCATCATGCTCATCATGCAGCCGATGCCCATCATGCTCACCATGCAGCTGATGCTCACCATGCAGCTGATGCTCACCATGCAGCTTATGCCCATCACGCTCATCATGCAGCCGATGCCCATCATGCTCATCATGCAGCCGATGCCCATCATGCTCATCATGCAGCCGATGCCCATCATGCTCATCATGCAACCGATGCTCATCACGCTCACCATGCAGCCGATGCTCACCATGCAACCGATGCTCATCATGCAGCCGATGCTCACCATGCAACCGATGCTCATCATGCAGCCGATGCTCACCATGCAACCGATGCTCATCATGCAGCCGATGCTCACCATGCAGCCGATGCTCACCATGCAGCCGATGCTCACCATGCAACCGATGCTCATCATGCAGCCGCACACCATGCAACCGATGCTCACCATGCAGCCGCACACCACGAAGCCGCCACACATTGCCTACGCCA,FNNNLCSKNAKGLNLNKRLLHETQAHVDDAHHAHHVADAHHAHHAADAHHAHHAADAHHAHHAADAHHAHHAADAHHAADAHHAAYAHHAHHAADAHHAHHAADAHHAHHAADAHHAHHATDAHHAHHAADAHHATDAHHAADAHHATDAHHAADAHHATDAHHAADAHHAADAHHAADAHHATDAHHAAAHHATDAHHAAAHHEAATHCLR,9,9,0,3,0,6,6,6,3,11,0,13,0,9,0,0,0,0,5,0,0,0,0,0,3,Kum01,1,2,,2,,33.64,1,
LKum61,GAGATTATTACACGAAACTCAAGCACATGTAGATGATGCCCATCATGCTCATCATGTAGCCGATGCCCATCATGCTCATCATGTAGCCGATGCCCATCATGCTCATCATGTAGCCGATGCCCATCATGCTCATCATGTAGCCGATGCCCATCATGCTCATCATGCATCCGATGCCCATCATGCTCATCATGCAGCCGATGCCCATCATGCACATCATGCAGCCTATGCCCATCATGCTCATCATGCAGCCGATGCCCATCATGCTCATCATGCTCACCATGCAGCCGATGCCCATCATGCTCATCATGCAGCCGATGCCCATCATGCTCACCATGCAGCTGATGCTCATCAYGCTCATCATGCAGCCGATGCCCATCATGCTCATCATGCAGCCGATGCCCATCATGCTCACCATGCAGMTGATGCTCATCAYGCTCATCATGCAGMTGATGCTCATCATGCAGCCGATGCTCACCATGCAACYGATGCTCATCATGCATCCGATGCTCATCATGCAGCTGATGCTCACCATGCAGCTYATGCCCATCAYGCTCATCATGCAGCTGATGCTCATCATGCAGCCGATGCTCAYCATGCAGCYGATGCTCACCATGCAACYGATGCTCATCATGCAGCYGATGCTCATCATGCAGCYGATGCTCACCATGCAGCYGATGCTCACCATGCAACCGATGCTCATCACGCTCACCATGCAGCCGATGCTCATCATGCAGCCGCACACCATGCAACTGATGCTCACCATGCAGCCGCACACCATGCAACCGATG,RLLHETQAHVDDAHHAHHVADAHHAHHVADAHHAHHVADAHHAHHVADAHHAHHASDAHHAHHAADAHHAHHAAYAHHAHHAADAHHAHHAHHAADAHHAHHAADAHHAHHAADAHXAHHAADAHHAHHAADAHHAHHAXDAHXAHHAXDAHHAADAHHAXDAHHASDAHHAADAHHAAXAHXAHHAADAHHAADAXHAXDAHHAXDAHHAXDAHHAXDAHHAXDAHHATDAHHAHHAADAHHAAAHHATDAHHAAAHHATD,9,9,9,3,9,6,6,6,3,11,0,0,6,0,0,0,0,0,5,0,0,0,0,0,3,Horaza,1,1,,1,4000,20.14,1,4
LKum74,TAATTTAAATAAGAGATTATTACACGAAACTCAAGCACATGTAGATGATGCCCATCATGCTCATCATGTAGCCGATGCCCATCATGCTCATCATGTAGCCGATGCCCATCATGCTCATCATGTAGCCGATGCCCATCATGCTCATCATGCAGCCGATGCCCATCATGCTCATCATGCAGCCGATGCCCATCATGCTCATCATGCAGCCGATGCCCATCATGCTCATCATGCTCACCATGCAGCCGATGCCCATCACGCTCATCATGCAGCCGATGCCCATCATGCTCACCATGCAGCTGATGCTCATCAYGCTCATCATGCAGCCGATGCCCATCATGCTCATCATGCAGCCGATGCCCATCATGCTCACCATGCAGCTGATGCTCATCACGCTCATCATGCAGCCGATGCCCATCATGCCCATCATGCTCATCATGCAGCCTATGCCCATCATGCTCATCATGCATCCGATGCTCATCATGCAGCTGATGCTCACCATGCAGCTTATGCCCATCACGCTCATCATGCAGCTGATGCTCATCATGCAGCCGATGCTCACCATGCAGCCGATGCTCATCATGCAGCCGCACACCATGCAACTGATGCTCACCATGCAGCCGCACACCATGCAACCGATGCTCA,NLNKRLLHETQAHVDDAHHAHHVADAHHAHHVADAHHAHHVADAHHAHHAADAHHAHHAADAHHAHHAADAHHAHHAHHAADAHHAHHAADAHHAHHAADAHXAHHAADAHHAHHAADAHHAHHAADAHHAHHAADAHHAHHAHHAAYAHHAHHASDAHHAADAHHAAYAHHAHHAADAHHAADAHHAADAHHAAAHHATDAHHAAAHHATDA,9,9,9,3,9,6,6,6,3,11,0,0,6,0,0,0,0,0,5,0,0,0,0,0,3,Abdi,1,1,,1,360,22.12,1,2
LShr108,AAGAGATTATTACACGAAACTCAAGCACATGTAGATGATGCCCATCATGCTCATCATGTAGCCGATGCCCATCATGCTCATCATGCTCACCATGCAGCCGATGCCCATCACGCTCATCATGCAGCCGATGCTCATCATGCTCACCATGCAGCCGATGCCCATCACGCTCATCATGCAGCCGATGCCCATCATGCTCACCATGCAGCTGATGCTCATCACGCTCATCATGCAGCCGATGCCCATCATGCTCATCATGCAGCCGATGCCCATCATGCTCACCATGCAGCTGATGCTCATCACGCTCATCATGCAGCCGATGCCCATCATGCTCATCATGCAGCCTATGCCCATCATGCTCATCATGCATCCGATGCTCATCATGCAGMTGATGCTCACCATGCAGCTTATGCCCATCACGCTCATCATGCAGMTGATGCTCACCATGCAGCTTATGCCCATCACGCTCATCATGCAGCTGATGCTCATCATGCAGCCGATGCTCACCATGCAACCGATGCTCATCATGCAGCCGATGCTCACCATGCAACCGATGCTCATCATGCAGCCGATGCTCACCATGCAACCGATGCTCATCATGCAGCCGATGCTCACCATGCAGCCGATGCTCACCATGCAACCGATGCTCATCACGCTCACCATGCAGCCGATGCTCATCATGCAGCCGCACACCATGCAACTGATGCTCACCATGCAG,KRLLHETQAHVDDAHHAHHVADAHHAHHAHHAADAHHAHHAADAHHAHHAADAHHAHHAADAHHAHHAADAHHAHHAADAHHAHHAADAHHAHHAADAHHAHHAADAHHAHHAAYAHHAHHASDAHHAXDAHHAAYAHHAHHAXDAHHAAYAHHAHHAADAHHAADAHHATDAHHAADAHHATDAHHAADAHHATDAHHAADAHHAADAHHATDAHHAHHAADAHHAAAHHATDAHHA,9,9,9,3,9,6,6,6,3,11,0,0,6,0,0,0,0,0,5,0,0,0,0,0,1,TumatoBe,1,1,,1,8400,20.57,1,4
LShr112,TTATTACACGAAACTCAAGCACATGTAGATGATGCCCATCATGCTCATCATGTAGCCGATGCCCATCATGCTCATCATGTAGCCGATGCCCATCATGCTCATCATGCAGCCGATGCCCATCATGCTCATCATGTAGCCGATGCCCATCATGCTCATCATGTAGCCGATGCCCATCATGCTCATCATGCAGCCGATGCCCATCATGCTCATCATGCAGCCGATGCCCATCATGCTCATCATGCTCATCATGCTCACCATGCAGCCGATGCCCATCAYGCTCACCATGCAGCTGATGCTCATCACGCTCATCATGCAGCCGATGCCCATCAYGCTCATCATGCAGCCGATGCCCATCATGCTCACCATGCAGCTGATGCTCATCAYGCTCATCATGCAGCCGATGCTCATCAYGCTCATCATGCAGCCGATGCCCATCATGCTCATCATGCAGCCTATGCCCATCATGCTCATCATGCATCCGATGCTCATCATGCAGCTGATGCTCACCATGCAGCTTATGCCCATCACGCTCATCATGCAGCTGATGCTCATCATGCAGCCGATGCTCACCATGCAACCGATGCTCATCATGCAGCCGATGCTCACCATGCAGCCGATGCTCACCATGCAACCGATGCTCATCATGCAGCCGATGCTCACCATGCAGCCGATGCTCACCATGCAGCCGATGCTCATCATGCAGCCGCACACCATGCAACTGATGCTCACCATGCAGCCGCACACCATGCAAC,LLHETQAHVDDAHHAHHVADAHHAHHVADAHHAHHAADAHHAHHVADAHHAHHVADAHHAHHAADAHHAHHAADAHHAHHAHHAHHAADAHXAHHAADAHHAHHAADAHXAHHAADAHHAHHAADAHXAHHAADAHXAHHAADAHHAHHAAYAHHAHHASDAHHAADAHHAAYAHHAHHAADAHHAADAHHATDAHHAADAHHAADAHHATDAHHAADAHHAADAHHAADAHHAAAHHATDAHHAAAHHA,9,9,9,3,9,6,6,6,3,11,0,0,6,0,0,0,0,0,5,0,0,0,0,0,1,Belmiyhu,1,1,,1,2400,23.52,1,4
LShr116,AATAAGAGATTATTACACGAAACTCAAGCACATGTAGATGATGCCCATCATGCTCATCATGTAGCCGATGCCCATCATGCTCATCATGTAGCCGATGCCCATCATGCTCATCATGTAGCCGATGCCCATCATGCTCATCATGCAGCCGATGCCCATCATGCTCATCATGCAGCCTATGCCCATCATGCTCATCATGCAGCCGATGCCCATCATGCTCATCATGCAGCCGATGCCCATCACGCTCATCATGCAGCCGATGCCCATCATGCTCACCATGCAGCTGATGCTCATCACGCTCATCATGCAGCCGATGCCCATCATGCTCATCATGCAGCCTATGCCCATCATGCTCATCATGCATCCGATGCTCATCATGCAGCTGATGCTCACCATGCAGCTTATGCCCATCACGCTCATCATGCAGCTGATGCTCATCATGCAGCCGATGCTCACCATGCAACCGATGCTCATCACGCTCACCATGCAACCGATGCTCATCACGCTCACCATGCAGCCGATGCTCATCACGCTCACCATGCAGCCGATGCTCACCATGCAACCGATGCTCATCATGCAGCCGATGCTCACCATGCAGCCGATGCTCACCATGCAACCGATGCTCATCACGCTCACCATGCAGCCGATGCTCATCATGCAGCCGCACACCATGCAACCGATGCTCAC,NKRLLHETQAHVDDAHHAHHVADAHHAHHVADAHHAHHVADAHHAHHAADAHHAHHAAYAHHAHHAADAHHAHHAADAHHAHHAADAHHAHHAADAHHAHHAADAHHAHHAAYAHHAHHASDAHHAADAHHAAYAHHAHHAADAHHAADAHHATDAHHAHHATDAHHAHHAADAHHAHHAADAHHATDAHHAADAHHAADAHHATDAHHAHHAADAHHAAAHHATDAH,9,9,9,3,9,6,6,6,3,11,0,0,6,9,0,0,0,0,5,0,0,0,0,0,1,Belmiyhu,1,1,,1,560,30.2,1,3
LShr132,GAGATTATTACACGAAACTCAAGCACATGTAGATGATGCCCATCATGCTCATCATGTAGCCGATGCCCATCATGCTCATCATGCTCACCATGCAGCCGATGCCCATCACGCTCATCATGCAGCCGATGCTCATCATGCTCACCATGCAGCCGATGCCCATCACGCTCATCATGCAGCCGATGCCCATCATGCTCACCATGCAGCTGATGCTCATCACGCTCATCATGCAGCCGATGCCCATCATGCTCATCATGCAGCCGATGCCCATCATGCTCACCATGCAGCTGATGCTCATCAYGCTCATCATGCAGCCGATGCCCATCATGCTCATCATGCAGCYBATGCCCATCATGCTCATCATGCATCCGATGCTCATCATGCAGCTGATGCTCACCATGCAGCTTATGCCCATCAYGCTCATCATGCAGCTGATGCTCACCATGCAGCTTATGCCCATCAYGCTCATCATGCAGCTGATGCTCATCATGCAGCCGATGCTCACCATGCAAYCGATGCTCATCATGCAGCCGATGCTCACCATGCAACCGATGCTCATCATGCAGCCSATGCTCACCATGCAACCGATGCTCATCATGCAGCCGATGCTCACCATGCAGCCGATGCTCACCATGCAACCGATGCTCATCACGCTCACCATGCAGCCGATGCTCATCATGCAGCCGCACACCATGCAACTGATGCTCACCATGCAGC,RLLHETQAHVDDAHHAHHVADAHHAHHAHHAADAHHAHHAADAHHAHHAADAHHAHHAADAHHAHHAADAHHAHHAADAHHAHHAADAHHAHHAADAHXAHHAADAHHAHHAXXAHHAHHASDAHHAADAHHAAYAHXAHHAADAHHAAYAHXAHHAADAHHAADAHHAXDAHHAADAHHATDAHHAAXAHHATDAHHAADAHHAADAHHATDAHHAHHAADAHHAAAHHATDAHHA,9,9,0,3,9,6,6,6,3,11,0,0,6,0,0,0,0,0,5,0,0,0,0,0,1,Belmiyhu,1,1,,1,400,17.71,1,2
LShr133,ATTATTACACGAAACTCAAGCACATGTAGATGATGCCCATCATGCTCATCATGTAGCCGATGCCCATCATGCTCATCATGCTCACCATGCAGCCGATGCCCATCACGCTCATCATGCAGCCGATGCTCATCATGCTCACCATGCAGCCGATGCCCATCACGCTCATCATGCAGCCGATGCCCATCATGCTCACCATGCAGCTGATGCTCATCACGCTCATCATGCAGCCGATGCCCATCATGCTCATCATGCAGCCGATGCCCATCATGCTCACCATGCAGCTGATGCTCATCACGCTCATCATGCAGCCGATGCCCATCATGCTCATCATGCAGCCTATGCCCATCATGCTCATCATGCATCCGATGCTCATCATGCAGCTGATGCTCACCATGCAGCTTATGCCCATCAYGCTCATCATGCAGMTGATGCTCACCATGCAGCTTATGCCCATCACGCTCATCATGCAGCTGATGCTCATCATGCAGCCGATGCTCACCATGCAACCGATGCTCATCATGCAGCCGATGCTCACCATGCAACCGATGCTCATCATGCAGCCGATGCTCACCATGCAACCGATGCTCATCATGCAGCCGATGCTCACCATGCAGCCGATGCTCACCATGCAACCGATGCTCATCACGCTCACCATGCAGCCGATGCTCATCATGCAGCCGCACACCATGCAACTGATGCTCACCAGC,LLHETQAHVDDAHHAHHVADAHHAHHAHHAADAHHAHHAADAHHAHHAADAHHAHHAADAHHAHHAADAHHAHHAADAHHAHHAADAHHAHHAADAHHAHHAADAHHAHHAAYAHHAHHASDAHHAADAHHAAYAHXAHHAXDAHHAAYAHHAHHAADAHHAADAHHATDAHHAADAHHATDAHHAADAHHATDAHHAADAHHAADAHHATDAHHAHHAADAHHAAAHHATDAHQ,9,9,9,3,9,6,6,6,3,11,0,0,6,0,0,0,0,0,5,0,0,0,0,0,1,Belmiyhu,1,1,,1,200,22.94,1,1
LShr157,ATTATTACACGAAACTCAAGCACATGTAGATGATGCCCATCATGCTCATCATGTAGCCGATGCCCATCATGCTCATCATGTAGCCGATGCCCATCATGCTCATCATGTAGCCGATGCCCATCATGCTCATCATGTAGCCGATGCCCATCATGCTCATCATGCATCCGATGCCCATCATGCTCATCATGCAGCCGATGCCCATCATGCACATCATGCAGCCTATGCCCATCATGCTCATCATGCAGCCGATGCCCATCATGCTCATCATGCTCACCATGCAGCCGATGCCCATCAYGCTCATCATGCAGCCGATGCCCATCATGCTCACCATGCAGMTGATGCTCATCAYGCTCATCATGCAGCCGATGCCCATCATGCTCATCATGCAGCYGATGCYCATCATGCTCACCATGCAGMTGATGCTCATCAYGCTCATCATGCAGMTGATGCTCATCATGCAGCCGATGCTCACCATGCAACYGATGCTCATCATGCATCCGATGCTCATCATGCAGCTGATGCTCACCATGCAGCTTATGCCCATCACGCTCATCATGCAGMTGATGCTCATCATGCAGCCGATGCTCACCATGCAGCCGATGCTCACCATGCAACYGATGCTCATCATGCAGCCGATGCTCATCATGCAGCCGATGCTCACCATGCAGCYGATGCTCACCATGCAACCGATGCTCATCACGCTCACCATGCAGCCGATGCTCATCATGCAGCCGCACACCATGCAACTGATGCTCACCATGCAGCCGCACACCATGCAACCGATG,LLHETQAHVDDAHHAHHVADAHHAHHVADAHHAHHVADAHHAHHVADAHHAHHASDAHHAHHAADAHHAHHAAYAHHAHHAADAHHAHHAHHAADAHXAHHAADAHHAHHAXDAHXAHHAADAHHAHHAXDXHHAHHAXDAHXAHHAXDAHHAADAHHAXDAHHASDAHHAADAHHAAYAHHAHHAXDAHHAADAHHAADAHHAXDAHHAADAHHAADAHHAXDAHHATDAHHAHHAADAHHAAAHHATDAHHAAAHHATD,9,9,9,3,9,6,6,6,3,11,0,0,6,0,0,0,0,0,5,0,0,0,0,0,1,Belmiyhu,1,1,,1,8000,22.51,1,4
LShr165,AATAAGAGATTATTACACGAAACTCAAGCACATGTAGATGATGCCCATCATGCTCATCATGTAGCCGATGCCCATCATGCTCATCATGTAGCCGATGCCCATCATGCTCATCATGTAGCCGATGCCCATCATGCTCATCATGTAGCCGATGCCCATCATGCTCATCATGCAGCCGATGCCCATCATGCTCATCATGCAGCCGATGCCCATCATGCTCATCATGCAGCCTATGCCCATCATGCTCATCATGCAGCCGATGCTCACCATGCAACCGATGCTCATCATGCAGCCGATGCCCATCATGCTCATCATGCAGCCGATGCCCATCATGCTCACCATGCAGCTGATGCTCATCAYGCTCATCATGCAGCCGATGCCCATCATGCTCATCATGCAGCCTATGCCCATCATGCTCATCATGCATCCGATGCTCATCATGCATCCGATGCTCATCATGCAGCTGATGCTCACCATGCAGCTTATGCCCATCACGCTCATCATGCAGCTGATGCTCATCATGCAGCCGATGCTCACCATGCAACCGATGCTCATCATGCAGCYGATGCTCACCATGCAACCGATGCTCATCACGCTCACCATGCAGCCGATGCTCATCATGCAGCCGCACACCATGCAACTGATGCTC,NKRLLHETQAHVDDAHHAHHVADAHHAHHVADAHHAHHVADAHHAHHVADAHHAHHAADAHHAHHAADAHHAHHAAYAHHAHHAADAHHATDAHHAADAHHAHHAADAHHAHHAADAHXAHHAADAHHAHHAAYAHHAHHASDAHHASDAHHAADAHHAAYAHHAHHAADAHHAADAHHATDAHHAXDAHHATDAHHAHHAADAHHAAAHHATDA,9,9,9,3,9,6,6,6,3,11,0,0,6,0,0,0,0,0,5,0,0,0,0,0,1,Kolohu,1,1,,1,200,26.78,1,1
LShr171,ATAAGAGATTATTACACGAAACTCAAGCACATGTAGATGATGCCCATCATGCTCATCATGTAGCCGATGCCCATCATGCTCATCATGCAGCTGATGCTCACCATGCAGCTTATGCCCATCACGCTCATCATGCAGCTGATGCTCATCATGCAGCCGATGCTCACCATGCAACCGATGCTCATCATGCTCATCATGCTCACCATGCAGCCGATGCCCATCACGCTCATCATGCAGCCGATGCCCATCATGCTCACCATGCAGCTGATGCTCATCACGCTCATCATGCAGCCGATGCCCATCATGCTCATCATGCAGCCGATGCCCATCATGCTCACCATGCAGCTGATGCTCATCACGCTCATCATGCAGCCGATGCCCATCATGCTCATCATGCAGCCTATGCCCATCATGCTCATCATGCATCCGATGCTCATCATGCATCCGATGCTCATCATGCAGCTGATGCTCACCATGCAGCTTATGCCCATCACGCTCATCATGCAGCTGATGCTCATCATGCAGCCGATGCTCACCATGCAACCGATGCTCATCATGCAGCCGATGCTCACCATGCAACCGATGCTCATCACGCTCACCATGCAGCCGATGCTCACCATGCAGCCGATGCTCATCATGCAGCCGCACACCATGCAACTGATGCTCACCATGCAGCCGCACACCATGCAACCGATGCTCA,KRLLHETQAHVDDAHHAHHVADAHHAHHAADAHHAAYAHHAHHAADAHHAADAHHATDAHHAHHAHHAADAHHAHHAADAHHAHHAADAHHAHHAADAHHAHHAADAHHAHHAADAHHAHHAADAHHAHHAAYAHHAHHASDAHHASDAHHAADAHHAAYAHHAHHAADAHHAADAHHATDAHHAADAHHATDAHHAHHAADAHHAADAHHAAAHHATDAHHAAAHHATDA,9,9,9,3,9,6,6,6,3,11,0,0,6,0,0,0,0,0,5,0,0,0,0,0,1,ObeEhe,1,1,,1,6000,24.11,1,4
LShr177,AGAGATTATTACACGAAACTCAAGCACATGTAGATGATGCCCATCATGCTCATCATGTAGCCGATGCCCATCATGCTCATCATGCTCACCATGCAGCCGATGCCCATCACGCTCATCATGCAGCCGATGCTCATCATGCTCACCATGCAGCCGATGCCCATCACGCTCATCATGCAGCCGATGCCCATCATGCTCACCATGCAGCTGATGCTCATCACGCTCATCATGCAGCCGATGCCCATCATGCTCATCATGCAGCCGATGCCCATCATGCTCACCATGCAGCTGATGCTCATCAYGCTCATCATGCAGCCGATGCCCATCATGCTCATCATGCAGCCTATGCCCATCATGCTCATCATGCATCCGATGCTCATCATGCAGMTGATGCTCACCATGCAGMTTATGCCCATCAYGCTCATCATGCAGCTGATGCTCACCATGCAGCTTATGCCCATCAYGCTCATCATGCAGCTGATGCTCATCATGCAGCCGATGCTCACCATGCAAMCGATGCTCATCATGCAGCCGATGCTCACCATGCAACCGATGCTCATCATGCAGCCGATGCTCACCATGCAACYGATGCTCATCATGCAGCCGATGCTCACCATGCAGMYGATGCTCACCATGCAACCGATGCTCATCACGCTCACCATGCAGCCGATGCTCATCATGCAGCCGCACACCATGCAACTGATGCTCACCATGCAGCC,RLLHETQAHVDDAHHAHHVADAHHAHHAHHAADAHHAHHAADAHHAHHAADAHHAHHAADAHHAHHAADAHHAHHAADAHHAHHAADAHHAHHAADAHXAHHAADAHHAHHAAYAHHAHHASDAHHAXDAHHAXYAHXAHHAADAHHAAYAHXAHHAADAHHAADAHHAXDAHHAADAHHATDAHHAADAHHAXDAHHAADAHHAXDAHHATDAHHAHHAADAHHAAAHHATDAHHAA,9,9,9,3,9,6,6,6,3,11,0,0,6,0,0,0,0,0,5,0,0,0,0,0,1,HalemoBe,1,1,,1,6800,19.54,1,4
LShr44,TTAATTTAAATAAGAGATTATTACACGAAACTCAAGCACATGTAGATGATGCCCATCATGCTCATCATGTAGCCGATGCCCATCATGCTCATCATGCAGCCGATGCCCATCATGCTCACCATGCAGCTGATGCTCATCACGCTCATCATGCAGCCGATGCCCATCATGCTCATCATGCAGCCGATGCCCATCATGCTCACCATGCAGCTGATGCTCATCACGCTCATCATGCAGCCGATGCCCATCATGCTCATCATGCAGCCTATGCCCATCATGCTCATCATGCATCCGATGCTCATCATGCAGCTGATGCTCACCATGCAGCTTATGCCCATCACGCTCATCATGCAGCCGATGCTCACCATGCAACCGATGCTCATCATGCAGCCGATGCTCACCATGCAGCCGATGCTCACCATGCAGCCGATGCTCACCATGCAACCGATGCTCATCACGCTCACCATGCAGCCGATGCTCATCATGCAGCCGATGCTCATCATGCAGCCGCACACCATGCAACTGATGCTCACCATGCAGCCACACACCATGCAACCGATGCTCACCATGCAGCCGCACACCACGAAGCCGCCACACATTGC,NLNKRLLHETQAHVDDAHHAHHVADAHHAHHAADAHHAHHAADAHHAHHAADAHHAHHAADAHHAHHAADAHHAHHAADAHHAHHAAYAHHAHHASDAHHAADAHHAAYAHHAHHAADAHHATDAHHAADAHHAADAHHAADAHHATDAHHAHHAADAHHAADAHHAAAHHATDAHHAATHHATDAHHAAAHHEAATHC,9,9,9,3,9,6,6,6,3,11,0,13,6,0,0,0,0,0,5,0,0,0,0,0,1,Belmiyhu,1,1,,1,8000,18.62,1,4
LShr64,AGAGATTATTACACGAAACTCAAGCACATGTAGATGATGCCCATCATGCTCATCATGTAGCCGATGCCCATCATGCTCATCATGTAGCCGATGCCCATCATGCTCATCATGTAGCCGATGCCCATCATGCTCATCATGCAGCCGATGCCCATCATGCTCATCATGCAGCCTATGCCCATCATGCTCATCATGCAGCCGATGCCCATCATGCTCATCATGCAGCCGATGCCCATCACGCTCATCATGCAGCCGATGCCCATCATGCTCACCATGCAGCTGATGCTCATCACGCTCATCATGCAGCCGATGCCCATCATGCTCATCATGCAGCCTATGCCCATCATGCTCATCATGCATCCGATGCTCATCATGCAGCTGATGCTCACCATGCAGCTTATGCCCATCACGCTCATCATGCAGCTGATGCTCATCATGCAGCCGATGCTCACCATGCAACCGATGCTCATCACGCTCACCATGCAACCGATGCTCATCACGCTCACCATGCAGCCGATGCTCATCACGCTCACCATGCAGCCGATGCTCACCATGCAACCGATGCTCATCATGCAGCCGATGCTCACCATGCAGCCGATGCTCACCATGCAACCGATGCTCATCACGCTCACCATGCAGCCGATGCTCATCATGCAGCCGCACACCATGCAACCGATGCTC,RLLHETQAHVDDAHHAHHVADAHHAHHVADAHHAHHVADAHHAHHAADAHHAHHAAYAHHAHHAADAHHAHHAADAHHAHHAADAHHAHHAADAHHAHHAADAHHAHHAAYAHHAHHASDAHHAADAHHAAYAHHAHHAADAHHAADAHHATDAHHAHHATDAHHAHHAADAHHAHHAADAHHATDAHHAADAHHAADAHHATDAHHAHHAADAHHAAAHHATDA,9,9,9,3,9,6,6,6,3,11,0,0,6,9,0,0,0,0,5,0,0,0,0,0,1,Belmiyhu,1,1,,1,400,24.98,1,2
LShr86,AATAAGAGATTATTACACGAAACTCAAGCACATGTAGATGATGCCCATCATGCTCATCATGTAGCCGATGCCCATCATGCTCATCATGTAGCCGATGCCCATCATGCTCATCATGTAGCCGATGCCCATCATGCTCATCATGCAGCCGATGCCCATCATGCTCATCATGCAGCCGATGCCCATCATGCTCATCATGCAGCCGATGCCCATCATGCTCATCATGCAGCCTATGCCCATCATGCTCATCATGCAGCCGATGCCCATCACGCTCATCATGCAGCCGATGCCCATCATGCTCACCATGCAGCTGATGCTCATCACGCTCATCATGCAGCCGATGCCCATCATGCTCATCATGCAGCCGATGCCCATCATGCTCACCATGCAGCTGATGCTCATCACGCTCATCATGCAGCCGATGCCCATCATGCTCATCATGCAGCCTATGCCCATCATGCTCATCATGCATCCGATGCTCATCATGCAGCTGATGCTCACCATGCAGCTTATGCCCATCACGCTCATCATGCAGCTGATGCTCATCATGCAGCCGATGCTCACCATGCAACCGATGCTCATCACGCTCACCATGCAGCCGATGCTCACCATGCAACCGATGCTCACCATGCAACCGATGCTCACCATGCAACCGATGCTCATCACGCTCACCATGCAGCCGATGCTCATCATGCAGCCGATGCTCACCATGCAGCCGATGCTCACCATGCAACCGATGCTCATCATGCAGCCGATGCTCATCATGCAGCCGCACACCATGCAACCGATG,NKRLLHETQAHVDDAHHAHHVADAHHAHHVADAHHAHHVADAHHAHHAADAHHAHHAADAHHAHHAADAHHAHHAAYAHHAHHAADAHHAHHAADAHHAHHAADAHHAHHAADAHHAHHAADAHHAHHAADAHHAHHAADAHHAHHAAYAHHAHHASDAHHAADAHHAAYAHHAHHAADAHHAADAHHATDAHHAHHAADAHHATDAHHATDAHHATDAHHAHHAADAHHAADAHHAADAHHATDAHHAADAHHAAAHHATD,9,9,9,3,9,6,6,6,3,11,0,0,6,0,0,0,0,0,5,0,0,0,0,0,1,TumatoBe,1,1,,1,2400,28.51,1,4
HAss35,GACTTAATTTAAATAAGAGATTATTACACGAAACTCAAGCACAGGTAGATGATGCCCATCATGCTCATCATGTATTCCGCATTTAATAATAACTTGTGTAGCAAAAATGCAAAAGGACTTAATTTAAATAAGAGATTATTACACGAAACTCAAGCACATGTAGATGATGCCCATCATGCTCATCATGTAGCCGATGCCCATCATGCTCATCATGTAGCCGATGCCCATCATGCTCACCATGCAGCTGATGCTCATCACGCTCATCATGCAGCCGATGCCCATCATGCTCATCATGCAGCCTATGCCCATCATGCTCATCATGCATCCGATGCTCATCATGCAGCTGATGCTCACCATGCAGCTTATGCCCATCATGCTCATCATGCAGCTGATGCTCATCATGCAGCCGATGCTCACCATGCAACCGATGCTCATCATGCAGCCGATGCTCACCATGCAACCGATGCTCATCATGCAGCCGATGCTCACCATGCAGCCGATGCTCACCATGCAACCGATGCTCATCACGCTCACCATGCAGCCGATGCTCATCACGCTCACCATGCAGCCGATGCTCATCATGCAGCCGCACACCATGCAACTGATGCTCACCATGCAGCCGCACACCATGCAACCGATGCTCACCATGCAGACGCACACCACGAAGCCGCCGCACATTGCCTACACCATA,LNLNKRLLHETQAQVDDAHHAHHVFRI,0,0,0,3,0,0,0,0,0,0,0,0,0,0,0,0,0,0,0,0,0,0,0,0,4,4,2,5,2,2,,35.34,2,
HKum57,TGGCGTAGGCAATGTGTGGCGGCTTCGTGGTGTGCGGCTGCATGGTGAGCATCGGTTGCATGGTGTGCGGCTGCAGGATGAGCATCGGTTGCATGGTGAGCATCGGCTGCATGGTGAGCATCGGCTGCATGGTGAGCATGATGGGCATCATCTACATGTGCTTGAGTTTCGTGTAATAATCTCTTATTTAAATTAAGTCCTTTTGCATTTTTGCTACACAAGTTATTATTAAATGCGGAA,SAFNNNLCSKNAKGLNLNKRLLHETQAHVDDAHHAHHAADAHHAADAHHATDAHPAAAHHATDAHHAAAHHEAATHCLR,0,9,0,3,0,6,6,0,0,0,0,13,0,0,0,0,0,0,5,0,0,0,0,0,3,Ashere,2,5,2,2,,35.45,2,
HKum67,ATAAGAGATTATTACACGAAACTCAAGCACATGTAGATGATGCCCATCATGCTCATCATGTAGCCGATGCCCATCATGCTCATCATGTAGCCGATGCCCATCATGCTCATCATGTAGCCGATGCCCATCATGCTCATCATGCAGCCGATGCCCATCATGCTCATCATGCAGCCGATGCCCATCATGCTCATCATGCAGCCTATGCCCATCATGCTCATCATGCAGCCGATGCTCACCATGCAACCGATGCTCATCATGCAGCCGATGCTCACCATGCAGCCGATGCTCATCATGCAGCCGATGCTCACCATGCAGCCGATGCTCATCATGCAGCCGATGCTCATCATGCAGCCGATGCTCATCACGCTCATCATGCAGCCGATGCCCATCATGCTCATCATGCAGCCGATGCCCATCATGCTCATCATGCAGCCGATGCCCATCATGCTCACCATGCAGCTGATGCTCATCACGCTCATCATGCAGCCGATGCCCATCATGCTCATCATGCAGCCTATGCCCATCATGCTCATCATGCATCCGATGCTCATCATGCAGCTGATGCTCACCATGCAGCTTATGCCCATCACGCTCATCATGCAGCTGATGCTCATCATGCAGCCGATGCTCACCATGCAACCGATGCTCATCATGCAGCCGATGCTCACCATGCAGCCGATGCTCATCACGCTCACCATGCAGCCGATGCTCATCATGCAGCCGCACACCATGCA,KRLLHETQAHVDDAHHAHHVADAHHAHHVADAHHAHHVADAHHAHHAADAHHAHHAADAHHAHHAAYAHHAHHAADAHHATDAHHAADAHHAADAHHAADAHHAADAHHAADAHHAADAHHAHHAADAHHAHHAADAHHAHHAADAHHAHHAADAHHAHHAADAHHAHHAAYAHHAHHASDAHHAADAHHAAYAHHAHHAADAHHAADAHHATDAHHAADAHHAADAHHAHHAADAHHAAAHHA,9,9,9,3,9,6,6,6,3,0,0,0,6,0,0,0,0,0,5,0,0,0,0,0,3,Ashere,2,5,2,2,,36.35,2,
HShr105,GGCAAAGTGGGGCGGCTTCGTGGTGTGCGGCTGCATGGTGAACATCGGTTGCATGGTGTGCGGCTGCATGATGAGCATCGGTTGCATGGTGAGCATCGGCTGCATGGTGAGCATCGGCTGCATGGTGAGCATCGGCTGCATGATGAGCATCGGTTGCATGGTGAGCATCGGCTGCATGATGAGCATCGGTTGCATGGTGAGCATCGGCTGCATGATGAGCATCGGTTGCATGGTGAGCATCGGCTGCATGGTGAGCGTGATGAGCATCGGTTGCATGATGAGCATGATGGGCATCGGCTGCATGATGAGCATGATGGGCATCGGCTGCATGATGAGCATGATGGGCATAGGCTGCATGATGAGCATGATGGGCATCGGCTGCATGATGAGCATGATGGGCATCGGCTGCATGATGAGCATGATGGGCATCGGCTACATGATGAGCATGATGGGCATCGGCTACATGATGAGCATGATGGGCATCGGCTACATGATGAGCATGATGGGCATCATCTACATGTGCTTGAGTTTCGTGTAATAATCTCTTATTTAAATTAAGTCCTTTTGCATTTTTGCTACACAAGTTATTATTAAATGCGGAA,SAFNNNLCSKNAKGLNLNKRLLHETQAHVDDAHHAHHVADAHHAHHVADAHHAHHVADAHHAHHAADAHHAHHAADAHHAHHAAYAHHAHHAADAHHAHHAADAHHAHHATDAHHAHHAADAHHATDAHHAADAHHATDAHHAADAHHATDAHHAADAHHAADAHHAADAHHATDAHHAAAHHATDVHHAAAHHEAAPLC,9,9,9,3,0,6,6,6,3,11,0,0,0,9,0,0,0,0,5,0,0,0,0,0,1,Halmo,2,5,2,2,,35.4,2,
HShr12,TATTCCGCATTTAATAATAACTTGTGTAGCAAAAATGCAAAAGGACTTAATTTAAATAAGAGATTATTACACGAAACTCAAGCACATGTAGATGATGCCCATCATGCTCATCATGTAGCCGATGCCCATCATGCTCATCATGTAGCCGATGCTCACCATGCAGCCGATGCTCATCATGCAGCCGCACACCATGCAACTGATGCTCACCATGCAGCCGCACACCATGCAACCGATGCTCACCATGCAGCCGCACACCACGAAGCCGCCACACATTGCCTACGCCATA,YSAFNNNLCSKNAKGLNLNKRLLHETQAHVDDAHHAHHVADAHHAHHVADAHHAADAHHAAAHHATDAHHAAAHHATDAHHAAAHHEAATHCLRH,9,0,0,3,0,6,6,0,0,11,0,13,0,0,0,0,0,0,5,0,0,0,0,0,1,Abale,2,5,2,1,,36.69,2,
HShr133,GTATGGCGTAGGCAATGTGTGGCGGCTTCGTGGTGTGCGGCTGCATGGTGAGCATCGGTTGCATGGTGTGCGGCTGCATGGTGAGCATCAGTTGCATGGTGTGCGGCTGCATGATGAGCATCGGCTGCATGGTGAGCATCGGCTGCATGATGAGCATGATGGGCATCGGCTACATGATGAGCATGATGGGCATCGGCTACATGATGAGCATGATGGGCATCGGCTACATGATGAGCATGATGGGCATCATCTACATGTGCTTGAGTTTCGTGTAATAATCTCTTATTTAAATTAAGTCCTTTTGCATTTTTGCTACACAAGTTATTATTAAATGCGGAATAC,YSAFNNNLCSKNAKGLNLNKRLLHETQAHVDDAHHAHHVADAHHAHHVADAHHAHHVADAHHAHHAADAHHAADAHHAAAHHATDAHHAAAHHATDAHHAAAHHEAATHCLRH,9,9,0,3,0,6,6,0,0,11,0,13,0,0,0,0,0,0,5,0,0,0,0,0,1,Belmo,2,5,2,2,,35.97,2,
HShr3,CGATGCCCATCATGCTCATCATGTAGCCGATGCCCATCATGCTCATCATGTAGCCGATGCCCATCATGCTCATCATGCAGCCGATGCCCATCATGCTCATCATGCAGCCGATGCCCATCATGCTCATCATGCAGCCTATGCCCATCATGCTCATCATGCAGCCGATGCTCACCATGCAACCGATGCTCACCATGCASCCGATGCTCACCATGCAGCCGATGCTCATCATGCACCCGATGCTCACCATGCASCCGATGCTCATCACGCTCACCATGCASCCGATGCTCATCACGCTCATCATGCASCCGATGCTCATCACGCTCATCATGCACCCGATGCCCATCATGCTCATCATGCASCCGATGCCCATCATGCTCATCATGCASCCGATGCCCATCATGCTCACCATGCAGCTGATGCTCATCACGCTCATCATGCAGCCGATGCCCATCATGCTCATCATGCAGCCTATGCCCATCATGCTCATCATGCATCCGTCGCTCATCATGCAGATGATGCTCACCATGCAGATTATGCCCATCACGCTCATCATGCAGATGATGCTCATCATGCAGCCGATGCTCACCATGCAACCGATGCTCATCATGCAGCCGATGCTCACCATGCAG,DAHHAHHVADAHHAHHVADAHHAHHAADAHHAHHAADAHHAHHAAYAHHAHHAADAHHATDAHHAXDAHHAADAHHAPDAHHAXDAHHAHHAXDAHHAHHAXDAHHAHHAPDAHHAHHAXDAHHAHHAXDAHHAHHAADAHHAHHAADAHHAHHAAYAHHAHHASVAHHADDAHHADYAHHAHHADDAHHAADAHHATDAHHAADAHHA,9,9,9,3,0,6,6,6,3,0,0,0,0,0,0,0,0,0,5,0,0,0,0,0,1,Besho,2,2,2,2,,37,2,
HShr44,ATTATTACACGAAACTCAAGCACATGTAGATGATGCCCATCATGCTCATCATGTAGCCGATGCCCATCATGCTCATCATGTAGCCGATGCCCATCATGCTCAACATGCAGCCGATGCCCATCATGCTCATCATGCAGCCGATGCCCATCATGCTCATCATGCAGCCTATGCCCATCATGCTCATCATGCAGCCGATGCTCACCATGCAACCGATGCTCATCACGCTCACCATGCAGCCGATGCTCATCACGCTCATCATGCAGCCGATGCCCATCATGCTCATCATGCAGCCGATGCCCATCATGCTCATCATGCAGCCGATGCCCATCATGCTCACCATGCAGCTGATGCTCATCACGCTCATCATGCAGCCGATGCCCATCATGCTCATCATGCAGCCTATGCCCATCATGCTCATCATGCATCCGATGCTCATCATGCATCCGATGCTCATCATGCAGCTGATGCTCACCATGCAGCTTATGCCCATCACGCTCATCATGCAGCTGATGCTCATCATGCAGCCGATGCTCATCATGCAGCCGATGCTCACCATGCAACCGATGCTCATCATGCAGCCGATGCTCACCATGCAGCCGATGCTCACCATGCAACCGATGCTCATCACGCTCACCATGCATCCGATGCTCATCACGCTCACCATGCAGCCGATGCTCATCATGCAGCCGCACACCATGCAACTGATGCTCACCATGCAGCCGCACACCATGCAAC,LLHETQAHVDDAHHAHHVADAHHAHHVADAHHAQHAADAHHAHHAADAHHAHHAAYAHHAHHAADAHHATDAHHAHHAADAHHAHHAADAHHAHHAADAHHAHHAADAHHAHHAADAHHAHHAADAHHAHHAAYAHHAHHASDAHHASDAHHAADAHHAAYAHHAHHAADAHHAADAHHAADAHHATDAHHAADAHHAADAHHATDAHHAHHASDAHHAHHAADAHHAAAHHATDAHHAAAHHA,9,9,9,3,9,6,6,6,3,11,0,0,6,0,0,0,0,0,5,0,0,0,0,0,1,Abale,2,5,2,2,,35.4,2,
HShr48,TTCCGCATTTAATAATAACTTGTGTAGCAAAAATGCAAAAGGACTTAATTTAAATAAGAGATTATTACACGAAACTCAAGCACATGTAGATGATGCCCATCATGCTCATCATGTAGCCGATGCTCATCATGCAGCTGATGCTCACCATGCAGCTTATGCCCATCACGCTCATCATGCAGCTGATGCTCATCATGCAGCCGATGCTCACCATGCAGCCGATGCTCATCATGCAGCCGCACACCATGCAACTGATGCCCACCATGCAGCCGCACACCATGCAACCGATGCTCACCATGCAGCCGCACACCACGAAGCCGCCACACATTGCCTACGCCA,SAFNNNLCSKNAKGLNLNKRLLHETQAHVDDAHHAHHVADAHHAADAHHAAYAHHAHHAADAHHAADAHHAADAHHAAAHHATDAHHAAAHHATDAHHAAAHHEAATHCLR,9,9,0,3,0,6,6,6,3,11,0,13,0,0,0,0,0,0,5,0,0,0,0,0,1,Belmo,2,5,2,2,,35.32,2,
HShr64,ATGGCGTAGGCAATGTGTGGCGGCTTCGTGGTGTGCGGCTGCATGGTGAGCATCGGTTGCATGGTGTGCGGCTGCATGGTGAGCATCAGTTGCATGATGTGCGGCTGCATGATGAGCATCGGCTGCATGATGAGCATGATGGGCATCGGCTGCATGATGAGCATGATGGGCATCGGCTGCATGATGAGCATGATGGGCATCGGCTACATGATGAGCATGATGGGCATCGGCTACATGATGAGCATGATGGGCATCGGCTACATGATGAGCATGATGGGCATCATCTACATGTGCTTGAGTTTCGTGTAATAATCTCTTATTTAAATTAAGTCCTTTTGCATTTTTGCTACACAAGTTATTATTAAATGCGGAA,SAFNNNLCSKNAKGLNLNKRLLHETQAHVDDAHHAHHVADAHHAHHVADAHHAHHVADAHHAHHAADAHHAHHAADAHHAHHAADAHHAAAHHATDAHHAAAHHATDAHHAAAHHEAATHCLRH,9,9,0,3,0,6,6,0,0,11,0,13,0,0,0,0,0,0,5,0,0,0,0,0,1,Belmo,2,5,2,2,,35.43,2,
HShr87,TGGCGTAGGCAATGTGTGGCGGCTTCGTGGTGTGCGGCTGCATGGTGAGCATCGGTTGCATGGTGTGCGGCTGCATGGTGAGCATCAGTTGCATGGTGTGCGGCTGCATGACGAGCATCGGCTGCATGATGAGCATGATGGGCATCGGCTACATGATGAGCATGATGGGCATCGGCTACATGATGAGCATGATGGGCATCGGCTACATGATGAGCATGATGGGCATCATCTACATGTGCTTGAGTTTCGTGTAATAATCTCTTATTTAAATTAAGTCCTTTTGCATTTTTGCTACACAAGTTATTATTAAATGCGGAA,SAFNNNLCSKNAKGLNLNKRLLHETQAHVDDAHHAHHVADAHHAHHVADAHHAHHVADAHHAHHAADARHAAAHHATDAHHAAAHHATDAHHAAAHHEAATHCLR,9,9,0,3,0,6,6,0,0,11,0,13,0,0,0,0,0,0,5,0,0,0,0,0,1,Gamod,1,1,1,1,10320,17.88,1,5
LKum58,TTCCGCATTTAATAATAACTTGTGTAGCAAAAATGCAAAAGGACTTAATTTAAATAAGAGATTATTACACGAAACTCAAGCACATGTAGATGATGCCCATCATGCTCATCATGTAGCCGATGCCCATCACGCTCATCATGTAGCCGATGCCCATCATGCTCATCATGCAGCCTATGCCCATCATGCTCATCATGCATCCGATGCTCATCATGCAGCTGATGCTCACCATGCAGCCGCACACCACGAAGCCGCCACACATTGCCTACGCCA,SAFNNNLCSKNAKGLNLNKRLLHETQAHVDDAHHAHHVADAHHAHHVADAHHAHHAAYAHHAHHASDAHHAADAHHAAAHHEAATHCLR,9,0,9,3,9,0,6,6,3,0,0,13,6,0,0,0,0,0,5,0,0,0,0,0,3,Horaza,2,5,,2,,35.95,2,
LShr61,TATTCCGCATTTAATAATAACTTGTGTAGCAAAAATGCAAAAGGACTTAATTTAAATAAGAGATTATTACACGAAACTCAAGCACATGTAGATGATGCCCATCATGCTCATCATGTAGCCGATGCCCATCATGCTCATCATGTAGCCGATGCCCATCATGCTCATCATGTAGCCGATGCCCATCATGCTCATCATGCAGCCGCACACCACGAAGCCGCCACACATTGCCTACGCCATA,YSAFNNNLCSKNAKGLNLNKRLLHETQAHVDDAHHAHHVADAHHAHHVADAHHAHHVADAHHAHHAAAHHEAATHCLRH,9,0,0,3,0,0,0,0,0,0,0,13,0,0,0,0,0,0,5,0,0,0,0,0,1,Gezene,2,5,,2,,36.24,2,
LShr73,CATTTTAATAATAACTTGTGTAGCAAAAATGCAAAAGGACTTAATTTAAATAAGAGATTATTACACGAAACTCAAGCACATGTAGATGATGCCCATCATGCTCATCATGTAGCCGATGCCCATCATGCTCATCATGCTCACCATGCAGCCGATGCCCATCACGCTCATCATGCAGCCGATGCTCATCATGCTCACCATGCAGCCGATGCCCATCACGCTCATCATGCAGCCGATGCCCATCATGCTCACCATGCAGCTGATGCTCATCACGCTCATCATGCAGCCGATGCCCATCATGCTCATCATGCAGCCGATGCCCATCATGCTCACCATGCAGCTGATGCTCATCACGCTCATCATGCAGCCGATGCCCATCATGCTCATCATGCAGCCTATGCCCATCATGCTCATCATGCATCCGATGCTCATCATGCAGCTGATGCTCACCATGCAGCTTATGCCCATCACGCTCATCATGCAGCTGATGCTCACCATGCAGCTTATGCCCATCACGCTCATCATGCAGCTGATGCTCATCATGCAGCCGATGCTCACCATGCAACCGATGCTCATCATGCAGCCGATGCTCACCATGCAACCGATGCTCATCATGCAGCCGATGCTCACCATGCAACCGATGCTCATCATGCAGCCGATGCTCACCATGCAGCCGATGCTCACCATGCAACCGATGCTCATCACGCTCACCATGCGGCCGATGCTCATCATGCAGCCGCACACCATGCAACTGATGCTCACCATGCAGCCGCACACCATGCAGCCCGCACCCCACAAAGCCGCCACACATT,HFNNNLCSKNAKGLNLNKRLLHETQAHVDDAHHAHHVADAHHAHHAHHAADAHHAHHAADAHHAHHAADAHHAHHAADAHHAHHAADAHHAHHAADAHHAHHAADAHHAHHAADAHHAHHAADAHHAHHAAYAHHAHHASDAHHAADAHHAAYAHHAHHAADAHHAAYAHHAHHAADAHHAADAHHATDAHHAADAHHATDAHHAADAHHATDAHHAADAHHAADAHHATDAHHAHHAADAHHAAAHHATDAHHAAAHHAARTPQSRHT,9,9,9,3,9,6,6,6,3,11,0,0,6,0,0,0,0,0,5,0,0,0,0,0,1,Abase,2,5,,2,,35.58,2,
HAss23,TGGCGTAGGCAATGTGTGGCGGCTTCGTGGTGTGCGGCTGCATTATGGGGTTGACAATCTGGGGGGGCTTCGTGGTGAGGGGCATCATGGTGAGCATCAGTTGCATGGTGTGCGGCTGCATGATGAGCATCGGCTGCATGGTGAGCGTGATGAGCATCGGTTGCATGGTGAGCATCGGCTGCATGATGAGCATCGGTTGCATGGTGAGCATCGGCTGCATGATGAGCATCAGCTGCATGATGAGCGTGATGGGCATAAGCTGCATGGTGAGCATCAGCTGCATGATGAGCATCGGATGCATGATGAGCATGATGGGCATAGGCTGCATGATGAGCATGATGGGCATCGGCTGCATGATGAGCATGATGGGCATCGGCTGCATGATGAGCATGATGGGCATCGGCTACATGATGAGCGTGATGGGCATCGGCTACATGATGAGCATGATGGGCATCATCTACATGTGCTTGAGTTTCGTGTAATAATCTCTTATTTAAATTAATCTCCTTTTGCATTTATGCTACAGAAGTTATCATTAAATGCAATAATAATCCTTTTGCATTTTTGCTACACAAGTTATTATTAAATGCGGAA,QKEINLNKRLLHETQAHVDDAHHAHHVADAHHAHHVADAHHAHHAADAHHAHHAADAHHAHHAAYAHHAHHASDAHHAADAHHAAYAHHAHHAADAHHAADAHHATDAHHAADAHHATDAHHAHHAADAHHAAAHHATDAHHDAPHHEAPPDCQPHNAAAHHEAATHCLR,9,9,9,3,9,6,6,6,3,11,0,0,6,0,0,0,0,0,5,0,0,0,0,0,4,2,2,5,2,2,,30.08,1,
HAss39,TATTCCCGCATTTTAATAATAACTTGTGTAGCAAAAATGCAAAAGGACTTAATTTAAATAAGAGATTATTACACGAAACTCAAGCACATGTAGATGATGCCCATCATGCTCATCATGTAGCCGATGCCCATCATGCTCATCATGTAGCCGATGCCCATCATGCTCATCATGCAGCCGATGCCCATCATGCTCATCATGCAGCCGATGCCCATCATGCTCATCATGCAGCCTATGCCCATCATGCTCATCATGCAGCCGATGCTCACCATGCAACCGATGCTCATCATGCAGCCGATGCTCACCATGCAGCCGATGCTCACCATGCAGCCGATGCTCATCACGCTCACCATGCAGCCGATGCTCATCACGCTCACCATGCAGCCGATGCTCATCACGCTCACCATGCAGCCGATGCTCATCACGCTCACCATGCAGCCGATGCTCATCACGCTCACCATGCAGCCGATGCTCATCACGCTCATCATGCAGCTGATGCTCATCACGCTCACCATGCAGCCGATGCCCATCATGCTCACCATGCAGCTGATGCTCATCACGCTCATCATGCAGCCGATGCTCATCATGCTCATCATGCATCCGATGCTCATCATGCAGCTGATGCTCACCATGCAGCTTATGCCCATCACGCTCATCATGCAGCTGATGCTCATCATGCAGCCGATGCTCACCATGCAACCGATGCTCATCATGCAGCCGATGCTCATCATGCAGCCGCACACCATGCAACTGATGCTCACCATGCATCCGCACACCACAAATCCGCCACACATTGACTTACGCCATA,FPHFNNNLCSKNAKGLNLNKRLLHETQAHVDDAHHAHHVADAHHAHHVADAHHAHHAADAHHAHHAADAHHAHHAAYAHHAHHAADAHHATDAHHAADAHHAADAHHAADAHHAHHAADAHHAHHAADAHHAHHAADAHHAHHAADAHHAHHAADAHHAHHAADAHHAHHAADAHHAHHAADAHHAHHAADAHHAHHASDAHHAADAHHAAYAHHAHHAADAHHAADAHHATDAHHAADAHHAAAHHATDAHHASAHHKSATH,9,9,9,3,9,6,6,6,3,11,0,0,6,0,0,0,0,0,5,0,0,0,0,0,4,4,2,5,2,2,,32.95,1,
HKum19,TATTCCGCATTTAATAATAACTTGTGTAGCAAAAATGCAAAAGGACTTAATTTAAATAAGAGATTATTACACGAAACTCAAGCACATGTAGATGATACCCATCATGCTCATCATGTAGCCGATGCCCATCATGCTCATCATGTAGCCGATGCCCATCATGCTCATCATGCAGCCGATGCCCATCATGCTCATCATGCAGCCGATGCTCACCATGCAACCGATGCTCATCACGCTCACCATGCAGCCGATGCTCATCACGCTCACCATGCAGCCGATGCTCATCATGCAGCCGCACACCATGCAACTGATGCTCACCATGCAGCCGCACACCATGCAACCGATGCTCACCATGCAGCCGCACACCACGAAGCCGCCACACATTGCCTACGCCATA,YSAFNNNLCSKNAKGLNLNKRLLHETQAHVDDTHHAHHVADAHHAHHVADAHHAHHAADAHHAHHAADAHHATDAHHAHHAADAHHAHHAADAHHAAAHHATDAHHAAAHHATDAHHAAAHHEAATHCLRH,9,9,0,3,0,6,6,0,0,11,0,13,0,0,0,0,0,0,5,0,0,0,0,0,3,Harzabb,2,5,2,2,,20,1,
HKum34,TATTACACGAAACTCAAGCACATGTAGATGATGCCCATCATGCTCATCATGTAGCCGATGCCCATCACGCTCATCATGTAGCCGATGCCCATCATGCTCATCATGCAGCCGATGCCCATCATGCTCATCATGCAGCCGATGCCCATCATGCTCATCATGCAGCCGATGCCCATCATGCTCATCATGCAGCCGATGCCCATCATGCTCATCACGCAGCCGATGCTCACCATGCAACCGATGCTCACCATGCAGCCGATGCTCACCATGCAGCCGATGCTCATCACGCAGCCGATGCTCACCATGCAGCCGATGCTCACCATGCAGCCGATGCTCACCATGCAGCCGATGCTCATCACGCTCATCATGCAGCCGATGCCCATCATGCTCATCATGCAGCCGATGCCCATCATGCTCATCATGCAGCCGATGCCCATCATGCTCACCATGCAGCTGATGCTCATCACGCTCATCATGCGGCCGATGCCCATCATGCTCATCATGCAGCCTATGCCCATCATGCTCATCATGCATCCGATGCTCATCATGCAGCTGATGCTCACCATGCAGCTTATGCCCATCACGCTCATCATGCAGCTGATGCTCATCATGCAGCCGATGCTCACCATGCAACCGATGCTCATCATGCAGCCGATGCTCACCATGCAACCGATGCTCATCACGCTCACCATGCAGCCGATGCTCATCATGCAGCCGCACACCATGCA,LHETQAHVDDAHHAHHVADAHHAHHVADAHHAHHAADAHHAHHAADAHHAHHAADAHHAHHAADAHHAHHAADAHHATDAHHAADAHHAADAHHAADAHHAADAHHAADAHHAADAHHAHHAADAHHAHHAADAHHAHHAADAHHAHHAADAHHAHHAADAHHAHHAAYAHHAHHASDAHHAADAHHAAYAHHAHHAADAHHAADAHHATDAHHAADAHHATDAHHAHHAADAHHAAAHHA,9,9,9,3,9,6,6,6,3,0,0,0,6,0,0,0,0,0,5,0,0,0,0,0,3,1,2,5,2,2,,19.45,1,
HShr114,TATGGCGTAGGCAATGTGTGGCGGCTTCGTGGTGTGCGGCTGCATGGTGAGCATCGGTTGCATGGTGTGCGGCTGCATGGTGAGCATCAGTTGCATGGTGTGCGGCTGCATGATGAGCATCGGCCGCATGGTGAGCATCGGCTGCATGATGAGCATCAGCTGCATGATGAGCGTGATGGGCATAAGCTGCATGGTGAGCATCAGCTGCATGATGAGCATCGGATGCATGATGAGCATGATGGGCATAGGCTGCATGATGAGCATGATGGGCATGATGGGCATCGGCTACATGATGAGCATGATGGGCATCATCTACATGTGCTTGAGTTTCGTGTAATAATCTCTTATTTAAATTAAGTCCTTTTGCATTTTTGCTACACAAGTTATTATTAAATGCGGAATA,YSAFNNNLCSKNAKGLNLNKRLLHETQAHVDDAHHAHHVADAHHAHHAHHAAYAHHAHHASDAHHAADAHHAAYAHHAHHAADAHHAADAHHAADAHHAAAHHATDAHHAAAHHATDAHHAAAHHEAATHCLRH,9,9,9,3,9,6,6,6,3,11,0,13,6,0,0,0,0,0,5,0,0,0,0,0,1,Belmo,2,5,2,2,,34.35,2,
HShr126,TTTATTCCGCATTTAATAATAACTTGTGTAGCAAAAATGCAAAAGGACTTAATTTAAATAAGAGATTATTACACGAAACTCAAGCACATGTAGATGATGCCCATCATGCTCATCATGTAGCCGATGCCCATCATGCTCATCATGTAGCCGATGCCCATCATGCTCATCATGTAGCCGATGCCCATCATGCTCATCATGCAGCCGATGCTCACCATGCAACCGATGCTCATCATGCAGCCGATGCTCACCATGCAACCGATGCTCATCATGCAGCCGATGCTCACCATGCAACCGATGCTCATCATGCAGCCGATGCTCACCATGCAGCCGATGCTCACCATGCAGCCGATGCTCACCATGCAACCGATGCTCATCATGCAGCCGCACACCATGCAACCGATGCTCACCATGCAGCCGCACACCACGAAGCCGCCACACATTGCCTACGCCATA,YSAFNNNLCSKNAKGLNLNKRLLHETQAHVDDAHHAHHVADAHHAHHVADAHHAHHVADAHHAHHAADAHHATDAHHAADAHHATDAHHAADAHHATDAHHAADAHHAADAHHAADAHHATDAHHAAAHHATDAHHAAAHHEAATHCLRH,9,9,0,3,0,6,6,0,0,11,0,13,0,0,0,0,0,0,5,0,0,0,0,0,1,Belmo,2,5,2,2,,34.6,2,
HShr14,AGAGATTATTACACGAAACTCAAGCACATGTAGATGATGCCCATCATGCTCATCATGTAGCCGATGCCCATCATGCTCATCATGTAGCCGATGCCCATCATGCTCATCATGTAGCCGATGCCCATCATGCTCATCATGTAGCCGATGCCCATCATGCTCATCATGCAGCCGATGCCCATCATGCTCATCATGCAGCCGATGCCCATCACGCTCATCATGCAGCCGATGCCCATCATGCTCACCATGCAGCTGATGCTCATCATGCTCATCATGCAGCCGATGCCCATCATGCTCATCATGCAGCCGATGCCCATCATGCTCATCATGCAGCTGATGCTCATCATGCTCATCATGCAGCCGATGCCCATCATGCTCATCATGCAGCCGATGCCCATCATGCTCATCATGCAGCTGATGCCCATCATGCTCATCATGCAGCCGATGCCCATCATGCTCATCATGCAGCTTATGCCCATCATGCTCATCATGCATCCGATGCTCATCATGCAGCTGATGCTCACCATGCAGTTCATGCCCATCATGCTCATCATGCAGCTGATGCTCACCATGCAGCTGATGCTCACCATGCAGCCGATGCTCATCACGCTCATCATGCAGCCGATGCTCACCATGCAACTGATGCTCATCATGCAACTGATGCTCATCATGCAGCCGATGCTCATCATGCAGCTGATGCTCATCATGCAGCCGATGCTCACCATGCAACCGATGCTCATCACGCTCACCATGCAGCCGATGCTCATCATGCAGCCGCACACCATGCAACTGATGCTCACCATGCAGCCGCACACCATGCAACCGA,RLLHETQAHVDDAHHAHHVADAHHAHHVADAHHAHHVADAHHAHHVADAHHAHHAADAHHAHHAADAHHAHHAADAHHAHHAADAHHAHHAADAHHAHHAADAHHAHHAADAHHAHHAADAHHAHHAADAHHAHHAADAHHAHHAADAHHAHHAAYAHHAHHASDAHHAADAHHAVHAHHAHHAADAHHAADAHHAADAHHAHHAADAHHATDAHHATDAHHAADAHHAADAHHAADAHHATDAHHAHHAADAHHAAAHHATDAHHAAAHHAT,9,9,9,3,9,6,6,6,3,11,0,0,6,0,0,0,0,0,5,0,0,0,0,0,1,Abenere,1,1,1,1,9600,22.52,1,4
HShr146,GAGATTATTACACGAAACTCAAGCACATGTAGATGATGCCCATCATGCTCATCATGTAGCCGATGCCCATCATGCTCATCATGTAGCCGATGCCCATCATGCTCATCATGTAGCCGATGCCCATCATGCTCATCATGCAGCCGATGCCCATCATGCTCATCATGCAGCCGATGCCCATCACGCTCATCATGCAGCCGATGCCCATCATGCTCACCATGCAGCTGATGCTCATCACGCTCATCATGCAGCCGATGCCCATCATGCTCATCATGCAGCCGATGCCCATCATGCTCACCATGCAGCTGATGCTCATCACGCTCATCATGCAGCCGATGCCCATCATGCTCATCATGCAGCCGATGCCCATCATGCTCACCATGCAGCTGATGCCCATCACGCTCATCATGCAGCCGATGCCCATCATGCTCATCATGCAGCCTATGCCCATCATGCTCATCATGCATCCGATGCTCATCATGCAGCTGATGCTCACCATGCAGCTTATGCCCATCACGCTCATCATGCAGCTGATGCTCATCATGCAGCCGATGCTCACCATGCAACCGATGCTCATCATGCAACCGATGCTCATCATGCAGCCGATGCTCACCATGCAGCCGATGCTCATCATGCAGCCGATGCTCACCATGCAGCCGATGCTCACCATGCAACCGATGCTCATCACGCTCACCATGCAGCCGATGCTCATCATGCAGCCGCACACCATGCAACTGATGCTCACCATGCAGCCGCACACCATGCA,RLLHETQAHVDDAHHAHHVADAHHAHHVADAHHAHHVADAHHAHHAADAHHAHHAADAHHAHHAADAHHAHHAADAHHAHHAADAHHAHHAADAHHAHHAADAHHAHHAADAHHAHHAADAHHAHHAADAHHAHHAADAHHAHHAAYAHHAHHASDAHHAADAHHAAYAHHAHHAADAHHAADAHHATDAHHATDAHHAADAHHAADAHHAADAHHAADAHHATDAHHAHHAADAHHAAAHHATDAHHAAAHHA,9,9,9,3,9,6,6,6,3,11,0,0,6,0,0,0,0,0,5,0,0,0,0,0,1,Obe,1,1,1,1,8600,28.55,1,4
HShr148,ATTATTACACGAAACTCAAGCACATGTAGATGATGCCCATCATGCTCATCATGTAGCCGATGCCCATCATGCTCATCATGTAGCCGATGCCCATCATGCTCATCATGCAGCCGATGCCCATCATGCTCATCATGCAGCCGATGCCCATCATGCTCATCATGCAGCCTATGCCCATCATGCTCATCATGCAGCCGATGCTCACCATGCAACCGATGCTCATCATGCAGCCGATGCTCACCATGCAGCCGATGCTCACCATGCAGCCGATGCTCACCATGCAGCCGATGCTCATCACGCTCACCATGCAGCCGATGCTCATCACGCTCACCATGCAGCCGATGCTCATCACGCTCACCATGCAGCCGATGCTCATCACGCTCATCATGCAGCCGATGCCCATCATGCTCATCATGCAGCCGATGCCCATCATGCTCATCATGCAGCCGATGCCCATCATGCTCACCATGCAGCTGATGCTCATCACGCTCATCATGCAGCCGATGCCCATCATGCTCATCATGCAGCCTATGCCCATCATGCTCATCATGCATCCGATGCTCATCATGCAGCTGATGCTCACCATGCAGCTTATGCCCATCACGCTCATCATGCAGCTGATGCTCATCATGCAGCCGATGCTCACCATGCAACCGATGCTCATCATGCAGCCGATGCTCACCATGCAACCGATGCTCATCACGCTCACCATGAAGCCGATGCTCATCATGCAGCCGCACACCAGCA,LLHETQAHVDDAHHAHHVADAHHAHHVADAHHAHHAADAHHAHHAADAHHAHHAAYAHHAHHAADAHHATDAHHAADAHHAADAHHAADAHHAADAHHAHHAADAHHAHHAADAHHAHHAADAHHAHHAADAHHAHHAADAHHAHHAADAHHAHHAADAHHAHHAADAHHAHHAAYAHHAHHASDAHHAADAHHAAYAHHAHHAADAHHAADAHHATDAHHAADAHHATDAHHAHHEADAHHAAAHQ,9,9,9,3,9,6,6,6,3,0,0,0,6,0,0,0,0,0,5,0,0,0,0,0,1,Halmo,1,1,1,1,9800,28.75,1,4
HShr161,ATTATTACACGAAACTCAAGCACATGTAGATGATGCCCATCATGCTCATCATGTAGCCGATGCCCATCATGCTCATCATGTAGCCGATGCCCATCATGCTCATCATGTAGCCGATGCCCATCATGCTCATCATGCAGCCGATGCCCATCATGCTCATCATGCAGCCGATGCCCATCATGCTCATCATGCAGCCTATGCCCATCATGCTCATCATGCAGCCGATGCCCATCACGCTCATCATGCAGCCGATGCCCATCATGCTCACCATGCAGCTGATGCTCATCACGCTCATCATGCAGCCTATGCCCATCATGCTCATCATGCAGCCGATGCCCATCACGCTCATCATGCAGCCGATGCCCATCATGCTCACCATGCAGCTGATGCTCATCACGCTCATCATGCAGCCGATGCCCATCATGCTCATCATGCAGCCGATGCCCATCATGCTCACCATGCAGCTGATGCTCACCATGCAGCTGATGCTCACCATGCAGCTTATGCCCATCACGCTCATCATGCAGCCGATGCCCATCATGCTCATCATGCAGCCGATGCCCATCATGCTCATCATGCAGCCGATGCCCATCATGCTCATCATGCAACCGATGCTCATCACGCTCACCATGCAGCCGATGCTCACCATGCAACCGATGCTCATCATGCAGCCGATGCTCACCATGCAACCGATGCTCATCATGCAGCCGATGCTCACCATGCAACCGATGCTCATCATGCAGCCGATGCTCACCATGCAGCCGATGCTCACCATGCAGCCGATGCTCACCATGCAACCGATGCTCATCATGCAGCCGCACACCAGCA,LLHETQAHVDDAHHAHHVADAHHAHHVADAHHAHHVADAHHAHHAADAHHAHHAADAHHAHHAAYAHHAHHAADAHHAHHAADAHHAHHAADAHHAHHAAYAHHAHHAADAHHAHHAADAHHAHHAADAHHAHHAADAHHAHHAADAHHAHHAADAHHAADAHHAAYAHHAHHAADAHHAHHAADAHHAHHAADAHHAHHATDAHHAHHAADAHHATDAHHAADAHHATDAHHAADAHHATDAHHAADAHHAADAHHAADAHHATDAHHAAAHQ,9,9,9,3,0,6,6,6,3,0,0,0,0,9,0,0,0,0,5,0,0,0,0,0,1,Belmo,1,1,2,1,8760,28.78,1,4
HShr182,TGGCGTAGGCAATGTGTGGCGGCTTCGTGGTGTGCGGCTGCATGGTGAGCATCGGTTGCATGGTGTGCGGCTGCATGATGAGCATCGGTTGCATGGTGAGCATCGGCTGCATGATGAGCATGATGGGCATCGGCTACATGATGAGCATGATGGGCATCGGCTACATGATGAGCATGATGGGCATCGGCTACATGATGAGCATGATGGGCATCATCTACATGTGCTTGAGTTTCGTGTAATAATCTCTTATTTAAATTAAGTCCTTTTGCATTTTTGCTACACAAGTTATTATTAAATGCGGAA,SAFNNNLCSKNAKGLNLNKRLLHETQAHVDDAHHAHHVADAHHAHHVADAHHAHHVADAHHAHHAADAHHATDAHHAAAHHATDAHHAAAHHEAATHCLR,9,9,0,3,0,6,6,0,0,11,0,13,0,0,0,0,0,0,5,0,0,0,0,0,1,Tumet,1,1,2,1,600,32.81,1,3
HShr31,ATAAGAGATTATTACACGAAACTCAAGCACATGTAGATGATGCCCATCATGCTCATCATGTAGCCGATGCCCATCATGCTCATCATGCAGCTGATGCTCACCATGCAGCTTATGCCCATCACGCTCATCATGCAGCTGATGCTCATCATGCAGCCGATGCTCACCATGCAACCGATGCTCATCATGCTCATCATGCTCACCATGCAGCCGATGCCCATCACGCTCATCATGCAGCCGATGCCCATCATGCTCACCATGCAGCTGATGCTCATCACGCTCATCATGCAGCCGATGCCCATCATGCTCATCATGCAGCCGATGCCCATCATGCTCACCATGCAGCTGATGCTCATCACGCTCATCATGCAGCCGATAGCCCATCATGCTCATCATGCAGCCTATGCCCATCATGCTCATCATGCATCCGATGCTCATCATGCATCCGATGCTCATCATGCAGCTGATGCTCACCATGCAGCTTATGCCCATCACGCTCATCATGCAGCTGATGCTCATCATGCAGCCGATGCTCACCATGCAACCGATGCTCATCATGCAGCCGATGCTCACCATGCAACCGATGCTCATCACGCTCACCATGCAGCCGATGCTCACCATGCAGCCGATGCTCATCATGCAGCCGCACACCATGCAACTGATGCTCACCATGCAGCCGCACACCATGCAACCGATGCTCACCATGCAGCCGCACACCACGAACCCGCCACACATTG,KRLLHETQAHVDDAHHAHHVADAHHAHHAADAHHAAYAHHAHHAADAHHAADAHHATDAHHAHHAHHAADAHHAHHAADAHHAHHAADAHHAHHAADAHHAHHAADAHHAHHAADAHHAHHAADSPSCSSCSLCPSCSSCIRCSSCIRCSSCS,9,9,0,3,0,6,6,6,3,0,0,0,0,0,0,0,0,0,5,0,0,0,0,0,1,Kolech,1,1,1,1,3360,29.69,1,4
HShr45,ATTATTACACGAAACTCAAGCACATGTAGATGATGCCCATCATGCTCATCATGTAGCCGATGCCCATCATGCTCATCATGTAGCCGATGCCCATCATGCTCATCATGTAGCCGATGCCCATCATGCTCATCATGCAGCCGATGCCCATCATGCTCATCATGCAGCCGATGCCCATCATGCTCATCATGCAGCCGATGCCCATCATGCTCATCATGCAGCCGATGCCCATCATGCTCATCATGCAGCTGATGCCCATCATGCTCATCATGCAGCCGATGCCCATCATGCTCATCATGCAGCTGATGCTCATCATGCTCATCATGCAGCTGATGCCCATCATGCTCATCATGCAGCCGATGCCCATCATGCTCATCATGCAGCTGATGCTCATCATGCTCATCATGCAGCCGATGCCCATCATGCTCATCATGCATCTGATGCTCATCATGCTGATGATGCTCATCATGCAGCTGATGCTCACCATGCAGCTGATGCCCATCATGCTCATCATGCAGCTGATGCTCATCATGCAGCTGATGCTCATCATGCAGCCGATGCTCATCATGCAGCTGATGCTCACCATGCAGTTGATGCTCACCATGCAACCGATGCTCATCACGCTCACCATGCAGCTGATGCTCATCATGCAGCCGCACACCATGCAAATGATGCTCACCATGCAACTGATGCTCACCATGCAGCCGCACACCATGCAAGGTGATGCTCACCATGCAACTGATGCTCACCATGCAGCCGCACACCATGCA,LLHETQAHVDDAHHAHHVADAHHAHHVADAHHAHHVADAHHAHHAADAHHAHHAADAHHAHHAADAHHAHHAADAHHAHHAADAHHAHHAADAHHAHHAADAHHAHHAADAHHAHHAADAHHAHHAADAHHAHHAADAHHAHHASDAHHADDAHHAADAHHAADAHHAHHAADAHHAADAHHAADAHHAADAHHAVDAHHATDAHHAHHAADAHHAAAHHANDAHHATDAHHAAAHHAR,9,9,0,3,9,6,6,0,0,0,0,0,6,0,0,0,0,0,5,0,0,0,0,0,1,Tumet,1,1,1,1,13200,19.99,1,5
HShr65,TGGCGTAGGCAATGTGTGGCGGCTTCGTGGTGTGCGGCTGCATGGTGAGCATCGGTTGCATGGTGTGCGGCTGCATGATGAGCATCGGTTGCATGGTGAGCATCGGCTGCATGGTGAGCATGATGGGCATCATCTACATGTGCTTGAGTTTCGTGTAATAATCTCTTATTTAAATTAAGTCCTTTTGCATTTTTGCTACACAAGTTATTATTAAATGCGGAA,SAFNNNLCSKNAKGLNLNKRLLHETQAHVDDAHHAHHAADAHHATDAHHAAAHHATDAHHAAAHHEAATHCLR,0,9,0,3,0,6,6,0,0,11,0,13,0,0,0,0,0,0,5,0,0,0,0,0,1,Abenere,1,1,1,1,2040,33.53,1,4
HShr71,TGGCGTAGGCAATGTGTGGCGGCTTCGTGGTGTGCGGCTGCATGGTGAGCATCGGTTGCATGGTGTGCGGCTGCATGGTGAGCATCAGTTGCATGGTGTGCGGCTGCATGATGAGCATCGGCTGCATGGTGAGCATCGGCTGCATGATGAGCATCAGCTGCATGGTGAGCATGATGGGCATCGGCNGCANGANGAGTATGGTGTAGGCAATGTGTGGCGGCTTCGTGGTGTGCGGGTGCATGGTGAGCATCGGTTGCATGGTGTGCGGCTGCATGGTGAGCATCAGTTGCATGGTGTGCGGCTGCATGATGAGCATGATGGGCATCGGCTACATGATGAGCATGATGGGCATCGGCTACATGATGAGCATGATGGGCATCGGCTACATGATGAGCATGATGGGCATCATCTACATGTGCTTGAGTTTCGTGTAATAATCTCTTATTTAAATTAAGTCCTTTTGCATTTTTGCTACGCAAGTTATTATTAAATGCGGAATACTGCCTGATGAGCATGATGGGCATCGGCTACATGATGAGCATGATGGGCATCGGCTACATGATGAGCATGATGGGCATCGGCTACATGATGAGCATGATGGGCATCATCTACATGTGCTTGAGTTTCGTGTAATAATCTCTTATTTAAATTAAGTCCTTTTGCATTTTTGCTACACAAGTTATTATTAAATGCGGAA,SAFNNNLCSKNAKGLNLNKRLLHETQAHVDDAHHAHHVADAHHAHHVADAHHAHHVADAHHAHQAVFRI,9,0,0,3,0,0,0,0,0,0,0,0,0,0,0,0,0,0,0,0,0,0,0,0,1,Abale,2,5,2,1,,33.89,1,
HShr77,TATTCCGCATTTAATAATAACTTGTGTAGCAAAAATGCAAAAGGACTTAATTTAAATAAGAGATTATTACACGAAACTCAAGCACATGTAGATGATGCCCATCATGCTCATCATGTAGCCGATGCCCATCATGCTCATCATGTAGCCGATGCCCATCATGCTCATCATGCAGCCGATGCCCATCATGCTCATCATGCAGCCGATGCCCATCATGCTCATCATGCAGCCTATGCCCATCATGCTCATCATGCAGCCGATGCCCATCATGCTCATCATGCAGCCGATGCTCACCATGCAGCCGCACACCACGAAGCCGCCACACATTGCCTACGCCATA,YSAFNNNLCSKNAKGLNLNKRLLHETQAHVDDAHHAHHVADAHHAHHVADAHHAHHAADAHHAHHAADAHHAHHAAYAHHAHHAADAHHAHHAADAHHAAAHHEAATHCLRH,9,9,9,3,0,0,6,6,3,0,0,13,0,0,0,0,0,0,5,0,0,0,0,0,1,Tumet,1,1,2,1,800,33.1,1,3
HShr88,TATTACACGAAACTCAAGCACATGTAGATGATGCCCATCATGCTCATCATGTAGCCGATGCCCATCATGCTCATCATGCAGCCGATGCCCATCATGCTCATCATGCTCACCATGCAGCCGATGCCCATCACGCTCATCATGCAGCCGATGCCCATCATGCCCATCATGCCCATCATGCTCACCATGCAGCTGATGCTCATCATGCAGCCGATGCCCATCATGCTCATCATGCAGCCGATGCCCATCATGCTCATCATGCAGCCGATGCCCATCATGCTCATCATGCAGCCGATGCCCATCATGCTCACCATGCAGCTGATGCTCATCACGCTCATCATGCAGCCGATGCCCATCATGCTCATCATGCAGCCGATGCTCATCATGCAGCTGATGCTCACCATGCAGCTTATGCCCATCACGCTCATCATGCAGCTGATGCTCACCATGCAGCTTATGCCCATCACGCTCATCATGCAGCTGATGCTCATCATGCAGCCGATGCTCACCATGCAACCGATGCTCATCATGCAGCCGATGCTCACCATGCAACCGATGCTCATCATGCAGCCGATGCTCACCATGCAGCCGATGCTCACCATGCAGCCGATGCTCACCATGCAACCGATGCTCATCACGCTCACCATGCAGCCGATGCTCACCATGCAACCGATGCTCATCACGCTCACCATGCAGCCGATGCTCATCATGCAGCCGCACACCATGCAACTGATGCTCACCATGCAGCCGCACACCA,LHETQAHVDDAHHAHHVADAHHAHHAADAHHAHHAHHAADAHHAHHAADAHHAHHAHHAHHAADAHHAADAHHAHHAADAHHAHHAADAHHAHHAADAHHAHHAADAHHAHHAADAHHAHHAADAHHAADAHHAAYAHHAHHAADAHHAAYAHHAHHAADAHHAADAHHATDAHHAADAHHATDAHHAADAHHAADAHHAADAHHATDAHHAHHAADAHHATDAHHAHHAADAHHAAAHHATDAHHAAAH,9,9,0,3,0,6,6,6,3,11,0,0,0,0,0,0,0,0,5,0,0,0,0,0,1,Kolech,1,1,1,1,4040,31.74,1,4
HShr96,TATTACACGAAACTCAAGCACATGTAGATGATGCCCATCATGCTCATCATGTAGCCGATGCCCATCATGCTCATCATGTAGCCGATGCCCATCATGCTCATCATGTAGCCGATGCCCATCATGCTCATCATGTAGCCGATGCCCATCATGCTCATCATGCAGCCGATGCCCATCATGCTCATCATGCAGCCTATGCCCATCATGCTCATCATGCAGCCGATGCCCATCATGCTCATCATGCTCACCATGCAGCCGATGCCCATCACGCTCATCATGCAGCCGATGCCCATCATGCTCACCATGCAGCTGATGCTCATCACGCTCATCATGCAGCCGATGCCCATCATGCTCATCATGCAGCCGATGCCCATCATGCTCACCATGCAGCTGATGCTCACCATGCAGCTTATGCCCATCACGCTCATCATGCAGCTGATGCTCATCATGCAGCTGATGCTCATCATGCAGCCGATGCTCACCATGCAACCGATGCTCATCACGCTCACCATGCAGCCGATGCTCATCACGCTCACCATGCAGCCGATGCTCACCATGCAACCGATGCTCATCATGCAGCCGATGCTCATCATGCAGCCGATGCTCATCATGCAGCCGATGCTCACCATGCAGCCGATGCTCACCATGCAGCCGATGCTCACCATGCAACCGATGCTCATCACGCTCACCATGCAGCCGATGCTCATCATGCAGCCGCACACCATGCA,LHETQAHVDDAHHAHHVADAHHAHHVADAHHAHHVADAHHAHHVADAHHAHHAADAHHAHHAAYAHHAHHAADAHHAHHAHHAADAHHAHHAADAHHAHHAADAHHAHHAADAHHAHHAADAHHAHHAADAHHAAYAHHAHHAADAHHAADAHHAADAHHATDAHHAHHAADAHHAHHAADAHHATDAHHAADAHHAADAHHAADAHHAADAHHAADAHHATDAHHAHHAADAHHAAAHHA,9,9,9,3,0,6,6,6,3,0,0,0,0,0,0,0,0,0,5,0,0,0,0,0,1,Tumet,2,5,2,2,,34.96,2,
LAss15,TGGCGTAGGCAATGTGTGGCGGCTTCGTGGTGTGCGGCTGCATGATGAGCATGATGGGCATCGGCTGCATGATGAGCATGATGGGCATCGGCTACATGATGAGCATGATGGGCATCGGCTACATGATGAGCATGATGGGCATCGGCTACATGATGAGCATGATGGGCATCATCTACATGTGCTTGAGTTTCGTGTAATAATCTCTTATTTAAATTAAGTCCTTTTGCATTTTTGCTACACAAGTTATTATTAAATGCGGAA,SAFNNNLCSKNAKGLNLNKRLLHETQAHVDDAHHAHHVADAHHAHHVADAHHAHHVADAHHAHHAADAHHAHHAAAHHEAATHCLR,9,9,0,3,0,0,6,0,0,0,0,13,0,0,0,0,0,0,5,0,0,0,0,0,4,Ass04,2,5,,2,,38.13,2,
LKum12,TGGCGTAGGCAATGTGTGGCGGCTTCGTGGTGTGCGGCTGCATGGTGAGCATCGGTTGCATGGTGTGCGGCTGCATGATGAGCATCGGTTGCATGGTGAGCATCGGCTGCATGGTGAGCATCGGCTGCATGGTGAGCATGATGGGCATCGGCTGCATGATGAGCGTGATGGGCATCGGCTGCATGATGAGCATGATGGGCATAGGCTGCATGATGAGCATGATGGGCATCGGCTGCATGATGAGCATGATGGGCATCGGCTGCATGTGCTTGAGTTTCGTGTAATAATCTCTTATTTAAATTAAGTCCTTTTGCATTTTTGCTACACAAGTTATTATTAAATGCGGAA,SAFNNNLCSKNAKGLNLNKRLLHETQAHAADAHHAHHAADAHHAHHAAYAHHAHHAADAHHAHHAADAHHAHHAADAHHAADAHHATDAHHAAAHHATDAHHAAAHHEAATHCLR,0,9,9,3,0,6,6,6,3,11,0,13,0,0,0,0,0,0,5,0,0,0,0,0,3,Horaza,2,5,,2,,28.26,1,
LKum17,AATTTAAATAAGAGATTATTACACGAAACTCAAGCACATGTAGATGATGCCCATCATGCTCATCATGTAGCCGATGCCCATCACGCTCATCATGTAGCCGATGCCCATCATGCTCATCATGCAGCCGATGCCCATCATGCTCATCATGCGGCCGATGCCCATCATGCTCATCATGCAGCCGATGCCCATCATGCTCATCATGCAGCCGATGCCCATCATGCTCATCATGCAGCTGATGCTCATCATGCAGCCGATGCTCACCATGCAGCCGATGCTCACCATGCAGCCGATGCTCACCATGCAGCCGATGCTCATCACGCTCATTATGCAGCCGATGCCCATCATGCTCATCATGCAGCCGATGCCCATCATGCTCATCATGCAGCCGATGCCCATCATGCTCACCATGCAGCTGATGCTCATCACGCTCATCATGCAGCCGATGCCCATCATGCTCACCATGCAGCTGATGCTCATCACGCTCATCATGCAGCCGATGCCCATCATGCTCATCATGCAGCCTATGCCCATCATGCTCATCATGCATCCGATGCTCATCATGCAGCTGATGCTCACCATGCAGCTTATGCCCATCACGCTCATCATGCAGCTGATGCTCATCATGCAGCCGATGCTCACCATGCAACCGATGCTCATCATGCAGCCGATGCTCACCATGCAACCGATGCTCATCACGCTCACCATGCAGCCGATGCTCATCATGCAGCCGCACACCATGCAA,NLNKRLLHETQAHVDDAHHAHHVADAHHAHHVADAHHAHHAADAHHAHHAADAHHAHHAADAHHAHHAADAHHAHHAADAHHAADAHHAADAHHAADAHHAADAHHAHYAADAHHAHHAADAHHAHHAADAHHAHHAADAHHAHHAADAHHAHHAADAHHAHHAADAHHAHHAAYAHHAHHASDAHHAADAHHAAYAHHAHHAADAHHAADAHHATDAHHAADAHHATDAHHAHHAADAHHAAAHHA,9,9,9,3,9,6,6,6,3,0,0,0,6,0,0,0,0,0,5,0,0,0,0,0,3,Horaza,2,5,,2,,34.94,2,
LShr3,TTCCGCATTTAATAATAACTTGTGTAGCAAAAATGCAAAAGGACTTAATTTAAATAAGAGATTATTACACGAAACTCAAGCACATGTAGATGATGCCCATCATGCTCATCATGTAGCCGATGCCCATCATGCTCATCATGTAGCCGATGCCCATCATGCTCATCATGTAGCCGATGCCCATCATGCTCATCATGCAGCCGCACACCATGCAACCGATGCTCACCTTGCAGCCGCACACCACGAAGCCGCCACACATTGCCTACGCCA,SAFNNNLCSKNAKGLNLNKRLLHETQAHVDDAHHAHHVADAHHAHHVADAHHAHHVADAHHAHHAAAHHATDAHLAAAHHEAATHCLR,9,0,0,3,0,6,0,0,0,11,0,0,0,0,0,0,0,0,5,0,0,0,0,0,1,TumatoBe,2,5,,2,,34.91,2,
LShr5,TATTACACGAAACTCAAGCACATGTAGATGATGCCCATCATGCTCATTATGTAGCCGATGCCCATCATGCTCATCATGTAGCCGATGCCCATCATGCTCATCATGCAGCCGATGCCCATCATGCTCATCATGCTGCCGATGCCCATCATGCTCATCATGCAGCCTATGCCCATCATGCTCATCATGCAGCCGATGCTCACCATGCAACCGATGCTCATCATGCAGCCGATGCTCACCATGCAGCCGATGCTCACCATGCAACCGATGCTCATCACGCTCACCATGCAGCCGATGCTCATCACGCTCATCATGCAGCCGATGCCCATCATGCTCATCATGCAGCCGATGCCCATCATGCTCATCATGCAGCCGATGCCCATCATGCTCACCATGCAGCCGATGCTCATCACGCTCATCATGCAGCCGATGCCCATCATGCTCATCATGCAGCCGATGCCCATCATGCTCATCATGCAGCCTATGCCCATCATGCTCATCATGCATCCGATGCTCATCATGCAGCTGATGCTCACCATGCAGCTTATGCCCATCACGCTCATCATGCAGCTGATGCTCATCATGCAGCCGATGCTCATCATGCAGCCGATGCTCACCATGCAACCGATGCTCATCACGCTCACCATGCAGCCGATGCTCACCATGCAACCGATGCTCATCATGCAGCCGATGCTCACCATGCAGCCGATGCTCACCATGCAGCCGATGCTCACCATGCAACCGATGCTCATCACGCTCACCATGCAACCGATGCTCATCACGCTCACCATGCAGCCGATGCTCATCATGCAGCCGCACACCATGCAACTGATGCTCACCATGCAGCCGCACACCA,LHETQAHVDDAHHAHYVADAHHAHHVADAHHAHHAADAHHAHHAADAHHAHHAAYAHHAHHAADAHHATDAHHAADAHHAADAHHATDAHHAHHAADAHHAHHAADAHHAHHAADAHHAHHAADAHHAHHAADAHHAHHAADAHHAHHAADAHHAHHAAYAHHAHHASDAHHAADAHHAAYAHHAHHAADAHHAADAHHAADAHHATDAHHAHHAADAHHATDAHHAADAHHAADAHHAADAHHATDAHHAHHATDAHHAHHAADAHHAAAHHATDAHHAAAH,9,9,9,3,9,6,6,6,3,11,0,0,6,9,0,0,0,0,5,0,0,0,0,0,1,Belmiyhu,1,1,,1,80,31.85,1,1
HShr35,AAGAGATTATTACACGAAACTCAAGCACATGTAGATGATGCCCATCATGCTCATCATGTAGCCGATGCCCATCACGCTCATCATGTAGCCGATGCCCATCATGCTCATCATGCAGCCGATGCCCATCATGCTCATCATGCAGCCGATGCCCATCATGCTCATCATGCAGCCGATGCCCATCATGCTCATCATGCAGCCGATGCTCACCATGCAACCGATGCTCATCATGCAGCCGATGCTCACCATGCASCCSATGCTCATCATGCAGCCGATGCTCACCATGCAGCCGATGCTCATCAYGCTCACCATGCAGCCGATGCTCATCACGCTCATCATGCAGCCGATGCCCATCATGCTCATCATGCAGCCGATGCCCATCATGCTCATCATGCAGCCGATGCCCATCATGCTCACCATGCAGCTGATGCTCATCACGCTCATCATGCAGCCGATGCCCATCATGCTCATCATGCAGCCTATGCCCATCATGCTCATCATGCATCCGATGCTCATCATGCAGCTGATGCTCACCATGCAGCTTATGCCCATCACGCTCATCATGCAGCTGATGCTCATCATGCAGCCGATGCTCACCATGCAACCGATGCTCATCATGCAGCCGATGCTCATCACGCTCACCATGCAGCCGATGCTCACCATGCAACCGATGCTCATCACGCTCACCATGCAGCCGATGCTCATCATGCAGCCGCACACCATGCAACTGATG,KRLLHETQAHVDDAHHAHHVADAHHAHHVADAHHAHHAADAHHAHHAADAHHAHHAADAHHAHHAADAHHATDAHHAADAHHAXXAHHAADAHHAADAHXAHHAADAHHAHHAADAHHAHHAADAHHAHHAADAHHAHHAADAHHAHHAADAHHAHHAAYAHHAHHASDAHHAADAHHAAYAHHAHHAADAHHAADAHHATDAHHAADAHHAHHAADAHHATDAHHAHHAADAHHAAAHHATD,9,9,9,3,9,6,6,6,3,11,0,0,6,0,0,0,0,0,5,0,0,0,0,0,1,Abenere,1,1,1,1,6000,27,1,4
HKum9,TATTCCGCATTTAATAATAACTTGTGTAGCAAAAATGCAAAAGGACTTAATTTAAATAAGAGATTATTACACGAAACTCAAGCACATGTAGATGATGCCCATCATGCTCATCATGTAGCCGATGCCCATCATGCTCATCATGTAGCCGATGCCCATCATGCTCATCATGTAGCCGATGCCCATCTATTCCGCATTTAATAATAACTTGTGTAGCAAAAATGCAAAAGGACTTAATTTAAATAAGAGATTATTACACGAAACTCAAGCACATGTAGCCGATGCCCATCATGCTCATCATGCAGCCGATGCCCATCATGCTCATCATGCAACCGATGCTCTTCATGCAGCCGATGCTCACCATGCAACCGATGCTCACCATGCAGCCGCACACCACCAAGCTGCCACACATTGCCTACGCCATAATGCTCACCATGCAGCTGATGCTCATCACGCTCATCATGCAGCCGATGCTCACCATGCAGCCGATGCTCATCATGCAGCCGCACACCATGCAACTGATGCTCACCATGCAGCCGCACACCATGCAACCGATGCTCACCATGCAGCCGCACACCACGAAGCCGCCACACATTGCCTACGCCATA,YSAFNNNLCSKNAKGLNLNKRLLHETQAHVDDAHHAHHVADAHHAHHVADAHHAHHVADAHLFRI,9,0,0,3,0,0,0,0,0,0,0,0,0,0,0,0,0,0,0,0,0,0,0,0,3,1,2,5,2,2,,25.73,1,
