id,dna_sequence,aa_sequence,Type_1,Type_2,Type_3,Type_4,Type_5,Type_6,Type_7,Type_8,Type_9,Type_10,Type_11,Type_12,Type_13,Type_14,Type_15,Type_16,Type_17,Type_18,Type_19,Type_20,Type_21,Type_22,Type_23,Type_24
HAss14,AATAAGAGATTATTACACGAAACTCAAGCACATGTAGATGATGCCCATCATGCTCATCATGTAGCCGATGCCCATCATGCTCATCATGTAGCCGATGCCCATCATGCTCATCATGTAGCCGATGCCCATCATGCTCATCATGCAGCCGATGCCCATCATGCTCATCATGCAGCCGATGCCCATCATGCTCATCATGCAGCCTATGCCCATCATGCTCATCATGCAGCCGATGCCCATCACGCTCATCATGCAGCCGATGCCCATCATGCTCACCATGCAGCTGATGCTCATCAYGCTCATCATGCAGCCGATGCCCATCATGCTCATCATGCAGCCGATGCCCATCATGCTCAYCATGCAGCTGATGCTCATCATGCTCATCATGCAGCYGATGCCCATCATGCTCATCATGCAGCYGATGCCCATCATGCTCATCATGCAGCTGATGCTCAYCATGCAGCTYATGCCCATCATGCTCATCATGCAGMTGATGCTCATCATGCAGCYGATGCTCACCATGCASCCGATGCTCATCATGCTCAYCATGCAGMCGATGCTCAYCATGCANCCGATGCTCATCATGCAGCCGATGCTCACCATGCAGCYGATGCTCACCATGCAACYGATGCTCATCATGCAGCYGATGCTCACCATGCAGCCGATGCTCACCATGCAGCCGATGCTCATCATGCAGCCGCACACCATGCAACTGATGCTCACCATGCAGCCGCACACCATGCAACCGATGCTC,NKRLLHETQAHVDDAHHAHHVADAHHAHHVADAHHAHHVADAHHAHHAADAHHAHHAADAHHAHHAAYAHHAHHAADAHHAHHAADAHHAHHAADAHHAHHAADAHHAHHAADAHHAHHAADAHHAHHAADAHHAHHAADAHHAHHAADAHHAAXAHHAHHAXDAHHAADAHHAXDAHHAHHAXDAHHAXDAHHAADAHHAADAHHATDAHHAADAHHAADAHHAADAHHAAAHHATDAHHAAAHHATDA,9,9,9,3,0,6,6,6,3,11,0,0,0,0,0,0,0,0,5,0,0,0,0,0
HAss42,ATAAGAGATTATTACACGAAACTCAAGCACATGTAGATGATGCCCATCATGCTCATCATGTAGCCGATGCCCATCATGCTCATCATGTAGCCGATGCCCATCATGCTCATCATGTAGCCGATGCCCATCATGCTCATCATGCAGCCGATGCCCATCATGCTCATCATGCAGCCGATGCCCATCATGCTCATCATGCAGCCTATGCCCATCATGCTCATCATGCAGCCGATGCTCATCATGCTCACCATGCAGCCGATGCCCATCAYGCTCATCATGCAGCCGATGCCCATCATGCTCACCATGCAGCCGATGCCCATCAYGCTCATCATGCAGCCGATGCCCATCATGCTCACCATGCAGCCGATGCCCATCATGCTCATCATGCAGCCGATGCCCATCATGCTCACCATGCAGCTGATGCTCATCAYGCTCATCATGCAGCCGATGCCCATCATGCTCATCATGCAGCCGATGCCCATCATGCTCACCATGCAGCTGATGCTCATCATGCTCATCATGCAGCCGATGCCCATCATGCTCACCATGCAGCTGATGCTCACCATGCAGCTTATGCCCATCACGCTCATCATGCAGCTGATGCTCATCATGCAGCCGATGCTCACCATGCAACCGATGCTCATCACGCTCACCATGCAGCCGATGCTCACCATGCAACCGATGCTCATCATGCAACCGATGCTCACCATGCAGCCGATGCTCATCATGCAGCCGATGCTCACCATGCAGCCGATGCTCACCATGCAACTGAT,KRLLHETQAHVDDAHHAHHVADAHHAHHVADAHHAHHVADAHHAHHAADAHHAHHAADAHHAHHAAYAHHAHHAADAHHAHHAADAHXAHHAADAHHAHHAADAHXAHHAADAHHAHHAADAHHAHHAADAHHAHHAADAHXAHHAADAHHAHHAADAHHAHHAADAHHAHHAADAHHAHHAADAHHAAYAHHAHHAADAHHAADAHHATDAHHAHHAADAHHATDAHHATDAHHAADAHHAADAHHAADAHHATD,9,9,9,3,0,6,6,6,3,0,0,0,0,0,0,0,0,0,5,0,0,0,0,0
HKum11,ATAAGAGATTATTACACGAAACTCAAGCACATGTAGATGATGCCCATCATGCTCATCATGTAGCCGATGCCCATCATGCTCATCATGTAGCCGATGCCCATCATGCTCATCATGCAGCCGATGCCCATCATGCTCATCATGCAGCCGATGCCCATCATGCTCATCATGCAGCCTATGCCCATCATGCTCATCATGCAGCCGATGCTCACCATGCAACCGATGCTCATCATGCAGCCGATGCTCACCATGCAGCCGATGCTCACCATGCAACCGATGCTCATCACGCTCATCATGCAGCCGATGCCCATCACGCTCACCATGCAGCCGATGCTCATCACGCTCATCATGCAGCCGATGCCCATCATGCTCATCATGCAGCCGATGCCCATCATGCTCATCATGCAGCCGATGCCCATCATGCTCACCATGCAGCTGATGCTCATCACGCTCATCATGCAGCCGATGCCCATCATGCTCATCATGCAGCCTATGCCCATCATGCTCATCATGCATCCGATGCTCATCATGCAGCTGATGCTCACCATGCAGCTTATGCCCATCACGCTCATCATGCAGCTGATGCTCATCATGCAGCCGATGCTCACCATGCAACCGATGCTCATCACGCTCACCATGCAGCCGATGCTCACCATGCAACCGATGCTCATCATGCAGCCGATGCTCACCATGCAGCCGATGCTCACCATGCAGCCGATGCTCATCATGCAGCCGCACACCATGCAACTGATGCTCACCATGCAGCCGCACACCATGCAACCGATG,KRLLHETQAHVDDAHHAHHVADAHHAHHVADAHHAHHAADAHHAHHAADAHHAHHAAYAHHAHHAADAHHATDAHHAADAHHAADAHHATDAHHAHHAADAHHAHHAADAHHAHHAADAHHAHHAADAHHAHHAADAHHAHHAADAHHAHHAADAHHAHHAAYAHHAHHASDAHHAADAHHAAYAHHAHHAADAHHAADAHHATDAHHAHHAADAHHATDAHHAADAHHAADAHHAADAHHAAAHHATDAHHAAAHHATD,9,9,9,3,9,6,6,6,3,11,0,0,6,0,0,0,0,0,5,0,0,0,0,0
HShr118,AGAGATTATTACACGAAACTCAAGCACATGTAGATGATGCCCATCATGCTCATCATGTAGCCGATGCCCATCATGCTCATCATGTAGCCGATGCCCATCATGCTCATCATGTAGCCGATGCCCATCATGCTCATCATGCAGCCGATGCCCATCATGCTCATCATGCAGCCGATGCCCATCATGCTCATCATGCAGCCGATGCCCATCATGCTCATCATGCTCACCATGCAGCCGATGCCCATCAYGCTCATCATGCAGCCGATGCCCATCATGCTCACCATGCAGCTGATGCTCATCACGCTCATCATGCAGCCGATGCCCATCATGCTCATCATGCAGCCGATGCCCATCATGCTCACCATGCAGCTGATGCTCATCACGCTCATCATGCAGCCGATGCCCATCATGCCCATCATGCTCATCATGCAGCCTATGCCCATCATGCTCATCATGCATCCGATGCTCATCATGCAGCTGATGCTCACCATGCAGCTTATGCCCATCACGCTCATCATGCAGCTGATGCTCATCATGCAGCCGATGCTCACCATGCAGCCGATGCTCATCATGCAGCCGCACACCATGCAACTGATGCTCACCATGCAGCCGCACACCATGCAACCGATG,RLLHETQAHVDDAHHAHHVADAHHAHHVADAHHAHHVADAHHAHHAADAHHAHHAADAHHAHHAADAHHAHHAHHAADAHXAHHAADAHHAHHAADAHHAHHAADAHHAHHAADAHHAHHAADAHHAHHAADAHHAHHAHHAAYAHHAHHASDAHHAADAHHAAYAHHAHHAADAHHAADAHHAADAHHAAAHHATDAHHAAAHHATD,9,9,9,3,9,6,6,6,3,11,0,0,6,0,0,0,0,0,5,0,0,0,0,0
HShr122,TTATTACACGAAACTCAAGCACATGTAGATGATGCCCATCATGCTCATCATGTAGCCGATGCCCATCATGCTCATCATGTAGCCGATGCCCATCATGCTCATCATGCAGCCGATGCCCATCATGCTCATCATGCAGCCGATGCCCATCATGCTCATCATGCAGCCTATGCCCATCATGCTCATCATGCAGCCGATGCTCACCATGCAACCGATGCTCATCATGCAGCCGATGCTCACCATGCAGCCGATGCTCACCATGCAACCGATGCTCATCACGCTCATCATGCAGCCGATGCCCATCACGCTCACCATGCAGCCGATGCTCATCAYGCTCATCATGCAGCCGATGCCCATCATGCTCATCATGCAGCCGATGCCCATCATGCTCATCATGCAGCCGATGCCCATCATGCTCACCATGCAGCTGATGCTCATCACGCTCATCATGCAGCCGATGCCCATCATGCTCATCATGCAGCCTATGCCCATCATGCTCATCATGCATCCGATGCTCATCATGCAGCTGATGCTCACCATGCAGCTTATGCCCATCACGCTCATCATGCAGCTGATGCTCATCATGCAGCCGATGCTCACCATGCAACCGATGCTCATCACGCTCACCATGCAGCCGATGCTCACCATGCAACCGATGCTCATCATGCAGCCGATGCTCACCATGCAGCCGATGCTCACCATGCAGCCGATGCTCATCATGCAGCCGCACACCATGCAACTGATGCTCACCATGCAGCCGCACACCATGCAACCGATG,LLHETQAHVDDAHHAHHVADAHHAHHVADAHHAHHAADAHHAHHAADAHHAHHAAYAHHAHHAADAHHATDAHHAADAHHAADAHHATDAHHAHHAADAHHAHHAADAHXAHHAADAHHAHHAADAHHAHHAADAHHAHHAADAHHAHHAADAHHAHHAAYAHHAHHASDAHHAADAHHAAYAHHAHHAADAHHAADAHHATDAHHAHHAADAHHATDAHHAADAHHAADAHHAADAHHAAAHHATDAHHAAAHHATD,9,9,9,3,9,6,6,6,3,11,0,0,6,0,0,0,0,0,5,0,0,0,0,0
HShr17,GAGATTATTACACGAAACTCAAGCACATGTAGATGATGCCCATCATGCTCATCATGTAGCCGATGCCCATCATGCTCATCATGTAGCCGATGCCCATCATGCTCATCATGTAGCCGATGCCCATCATGCTCATCATGTAGCCGATGCCCATCATGCTCATCATGTAGCCGATGCCCATCATGCTCATCATGCAGCCGATGCCCATCATGCTCATCATGCAGCCGATGCCCATCACGCTCATCATGCAGCCGATGCCCATCATGCTCACCATGCAGCTGATGCTCATCACGCTCATCATGCAGCCGATGCCCATCATGCTCATCATGCAGCCGATGCCCATCATGCTCACCATGCAGCTGATGCTCATCACGCTCATCATGCAGCCGATGCCCATCATGCTCATCATGCAGCCTATGCCCATCATGCTCATCATGCATCCGATGCTCATCATGCAGCTGATGCTCACCATGCAGCTTATGCCCATCACGCTCATCATGCAGCTGATGCTCATCATGCAGCCGATGCTCACCATGCAACCGATGCTCATCACGCTCACCATGCAGCCGATGCTCACCATGCAACCGATGCTCACCATGCAACCGATGCTCACCATGCAACCGATGCTCATCACGCTCACCATGCAGCCGATGCTCATCATGCAGCCGATGCTCATCATGCAGCCGATGCTCACCATGCAACCGATGCTCATCATGCAGCCGATGCTCACCATGCAGCCGATGCTCACCATGCAACCGATGCTCATCACGCTCACCATGCAGCCGATGCTCATCATGCAGCCGCACACCATGCAACCGATGC,RLLHETQAHVDDAHHAHHVADAHHAHHVADAHHAHHVADAHHAHHVADAHHAHHVADAHHAHHAADAHHAHHAADAHHAHHAADAHHAHHAADAHHAHHAADAHHAHHAADAHHAHHAADAHHAHHAADAHHAHHAAYAHHAHHASDAHHAADAHHAAYAHHAHHAADAHHAADAHHATDAHHAHHAADAHHATDAHHATDAHHATDAHHAHHAADAHHAADAHHAADAHHATDAHHAADAHHAADAHHATDAHHAHHAADAHHAAAHHATD,9,9,9,3,9,6,6,6,3,11,0,0,6,0,0,0,0,0,5,0,0,0,0,0
HShr49,ATAAGAGATTATTACACGAAACTCAAGCACATGTAGATGATGCCCATCATGCTCATCATGTAGCCGATGCCCATCATGCTCATCATGTAGCCGATGCCCATCATGCTCATCATGTAGCCGATGCCCATCATGCTCATCATGCAGCCGATGCCCATCATGCTCATCATGCAGCCGATGCCCATCATGCTCATCATGCAGCCGATGCCCATCATGCTCATCATGCTCACCATGCAGCCGATGCCCATCAYGCTCATCATGCAGCYGATGCCCATCATGCTCACCATGCAGCTGATGCTCATCAYGCTCATCATGCAGCCGATGCCCATCATGCTCATCATGCAGCCGATGCCCATCATGCTCACCATGCAGCTGATGCTCATCACGCTCATCATGCAGCCGATGCCCATCATGCCCATCATGCTCATCATGCAGCCTATGCCCATCATGCTCATCATGCATCCGATGCTCATCATGCAGCTGATGCTCACCATGCAGCTTATGCCCATCACGCTCATCATGCAGCTGATGCTCATCATGCAGCCGATGCTCACCATGCAGCCGATGCTCATCATGCAGCCGCACACCATGCAACTGATGCTCACCATGCAGCCGCACACCATGCAACCGATGC,KRLLHETQAHVDDAHHAHHVADAHHAHHVADAHHAHHVADAHHAHHAADAHHAHHAADAHHAHHAADAHHAHHAHHAADAHXAHHAXDAHHAHHAADAHXAHHAADAHHAHHAADAHHAHHAADAHHAHHAADAHHAHHAHHAAYAHHAHHASDAHHAADAHHAAYAHHAHHAADAHHAADAHHAADAHHAAAHHATDAHHAAAHHATD,9,9,9,3,9,6,6,6,3,11,0,0,6,0,0,0,0,0,5,0,0,0,0,0
HShr70,AGATTATTACACGAAACTCAAGCACATGTAGATGATGCCCATCATGCTCATCATGTAGCCGATGCCCATCATGCTCATCATGTAGCCGATGCCCATCATGCTCATCATGTAGCCGATGCCCATCATGCTCATCATGCAGCCGATGCCCATCATGCTCATCATGCAGCCGATGCCCATCATGCTCATCATGCTCACCATGCACCCGATGCCCATCATGCTCATCATGCTCACCATGCAGATGATGCCCATCACGCTCATCATGCAGCYGATGCCCATCATGCTCACCATGCAGCTGATGCTCATCAYGCTCATCATGCAGCCGATGCCCATCATGCTCATCATGCAGCCGATGCCCATCATGCTCACCATGCAGCTGATGCTCATCACGCTCATCATGCAGCCGATGCCCATCATGCTCATCATGCAGCCTATGCCCATCATGCTCATCATGCATCCGATGCTCATCATGCAGCTGATGCTCACCATGCAGCTTATGCCCATCACGCTCATCATGCAGCTGATGCTCATCATGCAGCCGATGCTCACCATGCAACCGATGCTCATCATGCAGCCGATGCTCACCATGCAGCCGATGCTCACCATGCAACCGATGCTCATCACGCTCACCATGCAGCCGATGCTCATCATGCAGCCGCACACCATGCAACTGATGCTCACCATGCAGCCGCACACCATGCAACCGATG,RLLHETQAHVDDAHHAHHVADAHHAHHVADAHHAHHVADAHHAHHAADAHHAHHAADAHHAHHAHHAPDAHHAHHAHHADDAHHAHHAADAHHAHHAADAHHAHHAADAHHAHHAADAHHAHHAADAHHAHHAADAHHAHHAAYAHHAHHASDAHHAADAHHAAYAHHAHHAADAHHAADAHHATDAHHAADAHHAADAHHATDAHHAHHAADAHHAAAHHATDAHHAAAHHATD,9,9,9,3,9,6,6,6,3,11,0,0,6,0,0,0,0,0,5,0,0,0,0,0
HShr80,TTATTACACGAAACTCAAGCACATGTAGATGATGCCCATCATGCTCATCATGTAGCCGATGCCCATCATGCTCATCATGTAGCCGATGCCCATCATGCTCATCATGTAGCCGATGCCCATCATGCTCATCATGCAGCCGATGCCCATCATGCTCATCATGCAGCCGATGCCCATCATGCTCATCATGCTCACCATGCAGCCGATGCCCATCATGCTCATCATGCAGCCGATGCCCATCATGCTCATCATGCTCACCATGCAGCCGATGCCCATCATGCTCATCATGCTCACCATGCAGCCSATGCCCATCACGCTCATCATGCAGCCGATGCCCATCATGCTCACCATGCAGCTGATGCTCATCAYGCTCATCATGCAGCCGATGCCCATCATGCTCACCATGCAGCTGATGCTCATCAYGCTCATCATGCAGCCGATGCCCATCATGCTCATCATGCAGCCTATGCCCATCATGCTCATCATGCATCCGATGCTCATCATGCAGCTGATGCTCACCATGCAGCTTATGCCCATCATGCTCATCATGCAGCCGATGCTCATCATGCAGCYGATGCTCATCATGCAGCCGATGCTCATCATGCAGCCGATGCTCACCATGCAACCGATGCTCATCATGCAGCCGATGCTCACCATGCAGCYGATGCTCACCATGCAACCGATGCTCATCACGCTCACCATGCAGCCGATGCTCATCATGCAGCCGCACACCATGCAACTGATGCTCACCATGCAGCCGCACACCATGCAACCGATGCTC,LLHETQAHVDDAHHAHHVADAHHAHHVADAHHAHHVADAHHAHHAADAHHAHHAADAHHAHHAHHAADAHHAHHAADAHHAHHAHHAADAHHAHHAHHAAXAHHAHHAADAHHAHHAADAHHAHHAADAHHAHHAADAHHAHHAADAHHAHHAAYAHHAHHASDAHHAADAHHAAYAHHAHHAADAHHAADAHHAADAHHAADAHHATDAHHAADAHHAADAHHATDAHHAHHAADAHHAAAHHATDAHHAAAHHATDA,9,9,9,3,9,6,6,6,3,11,0,0,6,0,0,0,0,0,5,0,0,0,0,0
HShr82,AGAGATTATTACACGAAACTCAAGCACATGTAGATGATGCCCATCATGCTCATCATGTAGCCGATGCCCATCACGCTCATCATGTAGCCGATGCCCATCATGCTCATCATGCAGCCGATGCCCATCATGCTCATCATGCAGCCGATGCCCATCATGCTCATCATGCAGCCGATGCCCATCATGCTCATCATGCASCCSATGCCCATCATGCTCATCATGCASCCSATGCTCACCATGCWACCSATGCTCATCATGCASCCSATGCTCACCATGCWSCCSATGCTCATCATGCWCCCSATGCTCACCATGCWSCCSATGCTCATCACGCTCACCATGCWSCCGATGCTCATCACGCTCATCATGCAGCCGATGCCCATCATGCTCATCATGCAGCCGATGCCCATCATGCTCACCATGCAGCTGATGCTCATCAYGCTCATCATGCAGCCGATGCCCATCATGCTCATCATGCAGCCTATGCCCATCATGCTCATCATGCATCCGATGCTCATCATGCAGMTGATGCTCACCATGCAGCTTATGCCCATCACGCTCATCATGCAGCTGATGCTCATCATGCAGCCGATGCTCACCATGCAACCGATGCTCATCATGCAGCCGATGCTCATCACGCTCACCATGCAGCCGATGCTCACCATGCAACCGATGCTCATCACGCTCACCATGCAGCCGATGCTCATCATGCAGCCGCACACCATGCAACTGATGCTC,RLLHETQAHVDDAHHAHHVADAHHAHHVADAHHAHHAADAHHAHHAADAHHAHHAADAHHAHHAXXAHHAHHAXXAHHXTXAHHAXXAHHXXXAHHXPXAHHXXXAHHAHHXXDAHHAHHAADAHHAHHAADAHHAHHAADAHXAHHAADAHHAHHAAYAHHAHHASDAHHAXDAHHAAYAHHAHHAADAHHAADAHHATDAHHAADAHHAHHAADAHHATDAHHAHHAADAHHAAAHHATDA,9,9,9,3,9,6,6,6,3,11,0,0,6,0,0,0,0,0,5,0,0,0,0,0
HKum47,ATAAGAGATTATTACACGAAACTCAAGCACATGTAGATGATGCCCATCATGCTCATCATGTAGCCGATGCCCATCATGCTCATCATGTAGCCGATGCCCATCATGCTCATCATGCAGCCGATGCCCATCATGCTCATCATGCAGCCGATGCCCATCATGCTCATCATGCAGCCTATGCCCATCATGCTCATCATGCAGCCGATGCCCATCATGCTCATCATGCAGCCGATGCTCACCATGCAGCCGATGCTCACCATGCAGCCGATGCTCACCATGCAGCCGATGCTCACCATGCAGCCGATGCTCACCATGCAGCCGATGCTCACCATGCAGCCGATGCTCACCATGCAGCCGATGCTCACCATGCAGCCGATGCTCATCACGCTCATCATGCAGCCGATGCCCATCATGCTCATCATGCAGCCGATGCCCATCATGCTCATCATGCAGCCGATGCCCATCATGCTCACCATGCAGCTGATGCTCATCACGCTCATCATGCAGCCGATGCCCATCATGCTCATTATGCAGCCTATGCCCATCATGCTCATCATGCATCCGATGCTCATCATGCAGCTGATGCCCACCATGCAGCTTATGCCCATCACGCTCATCATGCAGCTGATGCTCATCATGCAGCCGATGCTCACCATGCAACCGATGCTCATCATGCAGCCGATGCTCACCATGCAACCGATGCTCATCATGCAGCCGATGCTCACCATGCAGCCGATGCTCACCATGCAACCGATGCTCATCACGCTCACCATGCAGCCGATGCTCATCACGCTCACCATGCAGCCGATGCTCATCATGCAGCCGCACACCATGCAACTGATGCTCACCATGCAGCCGCACACCATGCAACCGAT,KRLLHETQAHVDDAHHAHHVADAHHAHHVADAHHAHHAADAHHAHHAADAHHAHHAAYAHHAHHAADAHHAHHAADAHHAADAHHAADAHHAADAHHAADAHHAADAHHAADAHHAADAHHAADAHHAHHAADAHHAHHAADAHHAHHAADAHHAHHAADAHHAHHAADAHHAHYAAYAHHAHHASDAHHAADAHHAAYAHHAHHAADAHHAADAHHATDAHHAADAHHATDAHHAADAHHAADAHHATDAHHAHHAADAHHAHHAADAHHAAAHHATDAHHAAAHHATD,9,9,9,3,9,6,6,6,3,11,0,0,6,0,0,0,0,0,5,0,0,0,0,0
HShr86,AGAGATTATTACACGAAACTCAAGCACATGTAGATGATGCCCATCATGCTCATCATGTAGCCGATGCCCATCATGCTCATCATGTAGCCGATGCCCATCATGCTCATCATGTAGCCGATGCCCATCATGCTCATCATGCAGCCGATGCCCATCATGCTCATCATGCAGCCGATGCCCATCATGCTCATCATGCAGCCGATGCCCATCATGCTCATCATGCAGCCGATGCCCATCATGCTCACCATGCAGCCGATGCCCATCACGCTCATCATGCAGCCGATGCCCATCATGCTCACCATGCAGCTGATGCTCATCACGCTCATCATGCAGCCGATGCCCATCATGCTCATCATGCAGCCGATGCCCATCATGCTCACCATGCAGCTGATGCTCATCACGCTCATCATGCAGCCGATGCCCATCATGCTCATCATGCAGCCTATGCCCATCATGCTCATCATGCATCCGATGCTCATCATGCAGCTGATGCTCACCATGCAGCTTATGCCCATCACGCTCATCATGCAGMTGATGCTCATCATGCAGCCGATGCTCACCATGCAACCGATGCTCATCACGCTCACCATGCAGCCGATGCTCACCATGCAACCGATGCTCATCATGCAGCCGATGCTCACCATGCAGCCGATGCTCACCATGCAGCCGATGCTCACCATGCAGCCGATGCTCATCATGCAGCCGCACACCATGCAA,RLLHETQAHVDDAHHAHHVADAHHAHHVADAHHAHHVADAHHAHHAADAHHAHHAADAHHAHHAADAHHAHHAADAHHAHHAADAHHAHHAADAHHAHHAADAHHAHHAADAHHAHHAADAHHAHHAADAHHAHHAADAHHAHHAAYAHHAHHASDAHHAADAHHAAYAHHAHHAXDAHHAADAHHATDAHHAHHAADAHHATDAHHAADAHHAADAHHAADAHHAADAHHAAAHHA,9,9,9,3,9,6,6,6,3,0,0,0,6,0,0,0,0,0,5,0,0,0,0,0
HShr98,AGAGATTATTACACGAAACTCAAGCACATGTAGATGATGCCCATCATGCTCATCATGTAGCCGATGCCCATCATGCTCATCATGTAGCCGATGCCCATCATGCTCATCATGTAGCCGATGCCCATCATGCTCATCATGCAGCCGATGCCCATCATGCTCATCATGCAGCCGATGCCCATCATGCTCATCATGCAGCCGATGCCCATCATGCTCATCATGCAGCCGATGCCCATCATGCTCACCATGCAGCCGATGCCCATCAYGCTCATCATGCAGCCGATGCCCATCATGCTCACCATGCAGCTGATGCTCATCACGCTCATCATGCAGCCGATGCCCATCATGCTCATCATGCAGCCGATGCCCATCATGCTCACCATGCAGCTGATGCTCATCAYGCTCATCATGCAGCCTATGCCCATCATGCTCATCATGCATCCGATGCTCATCATGCAGCTGATGCTCACCATGCAGCTTATGCCCATCAYGCTCATCATGCAGMTGATGCTCATCATGCAGCTGATGCTCATCATGCAGCCGATGCTCACCATGCAACCGATGCTCATCACGCTCACCATGCAGCYGATGCTCACCATGCAACYGATGCTCATCACGCTCACCATGCAGCYGATGCTCACCATGCAACYGATGCTCATCACGCTCACCATGCAGCYGATGCTCACCATGCAACCGATGCTCACCATGCAGCCGATGCTCACCATGC,RLLHETQAHVDDAHHAHHVADAHHAHHVADAHHAHHVADAHHAHHAADAHHAHHAADAHHAHHAADAHHAHHAADAHHAHHAADAHXAHHAADAHHAHHAADAHHAHHAADAHHAHHAADAHHAHHAADAHXAHHAAYAHHAHHASDAHHAADAHHAAYAHXAHHAXDAHHAADAHHAADAHHATDAHHAHHAXDAHHAXDAHHAHHAXDAHHAXDAHHAHHAXDAHHATDAHHAADAHH,9,9,0,3,9,6,6,6,3,0,0,0,6,0,0,0,0,0,5,0,0,0,0,0
LKum28,TTTAATAATAACTTGTGTAGCAAAAATGCAAAAGGACTTAATTTAAATAAGAGATTATTACACGAAACTCAAGCACATGTAGATGATGCCCATCATGCTCATCATGTAGCCGATGCCCATCATGCTCATCATGCAGCTGATGCTCATCACGCTCATCATGCAGCCGATGCCCATCATGCTCATCATGCAGCCGATGCCCATCATGCTCACCATGCAGCTGATGCTCACCATGCAGCTGATGCTCACCATGCAGCTTATGCCCATCACGCTCATCATGCAGCCGATGCCCATCATGCTCATCATGCAGCCGATGCCCATCATGCTCATCATGCAGCCGATGCCCATCATGCTCATCATGCAACCGATGCTCATCACGCTCACCATGCAGCCGATGCTCACCATGCAACCGATGCTCATCATGCAGCCGATGCTCACCATGCAACCGATGCTCATCATGCAGCCGATGCTCACCATGCAACCGATGCTCATCATGCAGCCGATGCTCACCATGCAGCCGATGCTCACCATGCAGCCGATGCTCACCATGCAACCGATGCTCATCATGCAGCCGCACACCATGCAACCGATGCTCACCATGCAGCCGCACACCACGAAGCCGCCACACATTGCCTACGCCA,FNNNLCSKNAKGLNLNKRLLHETQAHVDDAHHAHHVADAHHAHHAADAHHAHHAADAHHAHHAADAHHAHHAADAHHAADAHHAAYAHHAHHAADAHHAHHAADAHHAHHAADAHHAHHATDAHHAHHAADAHHATDAHHAADAHHATDAHHAADAHHATDAHHAADAHHAADAHHAADAHHATDAHHAAAHHATDAHHAAAHHEAATHCLR,9,9,0,3,0,6,6,6,3,11,0,13,0,9,0,0,0,0,5,0,0,0,0,0
LKum61,GAGATTATTACACGAAACTCAAGCACATGTAGATGATGCCCATCATGCTCATCATGTAGCCGATGCCCATCATGCTCATCATGTAGCCGATGCCCATCATGCTCATCATGTAGCCGATGCCCATCATGCTCATCATGTAGCCGATGCCCATCATGCTCATCATGCATCCGATGCCCATCATGCTCATCATGCAGCCGATGCCCATCATGCACATCATGCAGCCTATGCCCATCATGCTCATCATGCAGCCGATGCCCATCATGCTCATCATGCTCACCATGCAGCCGATGCCCATCATGCTCATCATGCAGCCGATGCCCATCATGCTCACCATGCAGCTGATGCTCATCAYGCTCATCATGCAGCCGATGCCCATCATGCTCATCATGCAGCCGATGCCCATCATGCTCACCATGCAGMTGATGCTCATCAYGCTCATCATGCAGMTGATGCTCATCATGCAGCCGATGCTCACCATGCAACYGATGCTCATCATGCATCCGATGCTCATCATGCAGCTGATGCTCACCATGCAGCTYATGCCCATCAYGCTCATCATGCAGCTGATGCTCATCATGCAGCCGATGCTCAYCATGCAGCYGATGCTCACCATGCAACYGATGCTCATCATGCAGCYGATGCTCATCATGCAGCYGATGCTCACCATGCAGCYGATGCTCACCATGCAACCGATGCTCATCACGCTCACCATGCAGCCGATGCTCATCATGCAGCCGCACACCATGCAACTGATGCTCACCATGCAGCCGCACACCATGCAACCGATG,RLLHETQAHVDDAHHAHHVADAHHAHHVADAHHAHHVADAHHAHHVADAHHAHHASDAHHAHHAADAHHAHHAAYAHHAHHAADAHHAHHAHHAADAHHAHHAADAHHAHHAADAHXAHHAADAHHAHHAADAHHAHHAXDAHXAHHAXDAHHAADAHHAXDAHHASDAHHAADAHHAAXAHXAHHAADAHHAADAXHAXDAHHAXDAHHAXDAHHAXDAHHAXDAHHATDAHHAHHAADAHHAAAHHATDAHHAAAHHATD,9,9,9,3,9,6,6,6,3,11,0,0,6,0,0,0,0,0,5,0,0,0,0,0
LKum74,TAATTTAAATAAGAGATTATTACACGAAACTCAAGCACATGTAGATGATGCCCATCATGCTCATCATGTAGCCGATGCCCATCATGCTCATCATGTAGCCGATGCCCATCATGCTCATCATGTAGCCGATGCCCATCATGCTCATCATGCAGCCGATGCCCATCATGCTCATCATGCAGCCGATGCCCATCATGCTCATCATGCAGCCGATGCCCATCATGCTCATCATGCTCACCATGCAGCCGATGCCCATCACGCTCATCATGCAGCCGATGCCCATCATGCTCACCATGCAGCTGATGCTCATCAYGCTCATCATGCAGCCGATGCCCATCATGCTCATCATGCAGCCGATGCCCATCATGCTCACCATGCAGCTGATGCTCATCACGCTCATCATGCAGCCGATGCCCATCATGCCCATCATGCTCATCATGCAGCCTATGCCCATCATGCTCATCATGCATCCGATGCTCATCATGCAGCTGATGCTCACCATGCAGCTTATGCCCATCACGCTCATCATGCAGCTGATGCTCATCATGCAGCCGATGCTCACCATGCAGCCGATGCTCATCATGCAGCCGCACACCATGCAACTGATGCTCACCATGCAGCCGCACACCATGCAACCGATGCTCA,NLNKRLLHETQAHVDDAHHAHHVADAHHAHHVADAHHAHHVADAHHAHHAADAHHAHHAADAHHAHHAADAHHAHHAHHAADAHHAHHAADAHHAHHAADAHXAHHAADAHHAHHAADAHHAHHAADAHHAHHAADAHHAHHAHHAAYAHHAHHASDAHHAADAHHAAYAHHAHHAADAHHAADAHHAADAHHAAAHHATDAHHAAAHHATDA,9,9,9,3,9,6,6,6,3,11,0,0,6,0,0,0,0,0,5,0,0,0,0,0
LShr108,AAGAGATTATTACACGAAACTCAAGCACATGTAGATGATGCCCATCATGCTCATCATGTAGCCGATGCCCATCATGCTCATCATGCTCACCATGCAGCCGATGCCCATCACGCTCATCATGCAGCCGATGCTCATCATGCTCACCATGCAGCCGATGCCCATCACGCTCATCATGCAGCCGATGCCCATCATGCTCACCATGCAGCTGATGCTCATCACGCTCATCATGCAGCCGATGCCCATCATGCTCATCATGCAGCCGATGCCCATCATGCTCACCATGCAGCTGATGCTCATCACGCTCATCATGCAGCCGATGCCCATCATGCTCATCATGCAGCCTATGCCCATCATGCTCATCATGCATCCGATGCTCATCATGCAGMTGATGCTCACCATGCAGCTTATGCCCATCACGCTCATCATGCAGMTGATGCTCACCATGCAGCTTATGCCCATCACGCTCATCATGCAGCTGATGCTCATCATGCAGCCGATGCTCACCATGCAACCGATGCTCATCATGCAGCCGATGCTCACCATGCAACCGATGCTCATCATGCAGCCGATGCTCACCATGCAACCGATGCTCATCATGCAGCCGATGCTCACCATGCAGCCGATGCTCACCATGCAACCGATGCTCATCACGCTCACCATGCAGCCGATGCTCATCATGCAGCCGCACACCATGCAACTGATGCTCACCATGCAG,KRLLHETQAHVDDAHHAHHVADAHHAHHAHHAADAHHAHHAADAHHAHHAADAHHAHHAADAHHAHHAADAHHAHHAADAHHAHHAADAHHAHHAADAHHAHHAADAHHAHHAAYAHHAHHASDAHHAXDAHHAAYAHHAHHAXDAHHAAYAHHAHHAADAHHAADAHHATDAHHAADAHHATDAHHAADAHHATDAHHAADAHHAADAHHATDAHHAHHAADAHHAAAHHATDAHHA,9,9,9,3,9,6,6,6,3,11,0,0,6,0,0,0,0,0,5,0,0,0,0,0
LShr112,TTATTACACGAAACTCAAGCACATGTAGATGATGCCCATCATGCTCATCATGTAGCCGATGCCCATCATGCTCATCATGTAGCCGATGCCCATCATGCTCATCATGCAGCCGATGCCCATCATGCTCATCATGTAGCCGATGCCCATCATGCTCATCATGTAGCCGATGCCCATCATGCTCATCATGCAGCCGATGCCCATCATGCTCATCATGCAGCCGATGCCCATCATGCTCATCATGCTCATCATGCTCACCATGCAGCCGATGCCCATCAYGCTCACCATGCAGCTGATGCTCATCACGCTCATCATGCAGCCGATGCCCATCAYGCTCATCATGCAGCCGATGCCCATCATGCTCACCATGCAGCTGATGCTCATCAYGCTCATCATGCAGCCGATGCTCATCAYGCTCATCATGCAGCCGATGCCCATCATGCTCATCATGCAGCCTATGCCCATCATGCTCATCATGCATCCGATGCTCATCATGCAGCTGATGCTCACCATGCAGCTTATGCCCATCACGCTCATCATGCAGCTGATGCTCATCATGCAGCCGATGCTCACCATGCAACCGATGCTCATCATGCAGCCGATGCTCACCATGCAGCCGATGCTCACCATGCAACCGATGCTCATCATGCAGCCGATGCTCACCATGCAGCCGATGCTCACCATGCAGCCGATGCTCATCATGCAGCCGCACACCATGCAACTGATGCTCACCATGCAGCCGCACACCATGCAAC,LLHETQAHVDDAHHAHHVADAHHAHHVADAHHAHHAADAHHAHHVADAHHAHHVADAHHAHHAADAHHAHHAADAHHAHHAHHAHHAADAHXAHHAADAHHAHHAADAHXAHHAADAHHAHHAADAHXAHHAADAHXAHHAADAHHAHHAAYAHHAHHASDAHHAADAHHAAYAHHAHHAADAHHAADAHHATDAHHAADAHHAADAHHATDAHHAADAHHAADAHHAADAHHAAAHHATDAHHAAAHHA,9,9,9,3,9,6,6,6,3,11,0,0,6,0,0,0,0,0,5,0,0,0,0,0
LShr116,AATAAGAGATTATTACACGAAACTCAAGCACATGTAGATGATGCCCATCATGCTCATCATGTAGCCGATGCCCATCATGCTCATCATGTAGCCGATGCCCATCATGCTCATCATGTAGCCGATGCCCATCATGCTCATCATGCAGCCGATGCCCATCATGCTCATCATGCAGCCTATGCCCATCATGCTCATCATGCAGCCGATGCCCATCATGCTCATCATGCAGCCGATGCCCATCACGCTCATCATGCAGCCGATGCCCATCATGCTCACCATGCAGCTGATGCTCATCACGCTCATCATGCAGCCGATGCCCATCATGCTCATCATGCAGCCTATGCCCATCATGCTCATCATGCATCCGATGCTCATCATGCAGCTGATGCTCACCATGCAGCTTATGCCCATCACGCTCATCATGCAGCTGATGCTCATCATGCAGCCGATGCTCACCATGCAACCGATGCTCATCACGCTCACCATGCAACCGATGCTCATCACGCTCACCATGCAGCCGATGCTCATCACGCTCACCATGCAGCCGATGCTCACCATGCAACCGATGCTCATCATGCAGCCGATGCTCACCATGCAGCCGATGCTCACCATGCAACCGATGCTCATCACGCTCACCATGCAGCCGATGCTCATCATGCAGCCGCACACCATGCAACCGATGCTCAC,NKRLLHETQAHVDDAHHAHHVADAHHAHHVADAHHAHHVADAHHAHHAADAHHAHHAAYAHHAHHAADAHHAHHAADAHHAHHAADAHHAHHAADAHHAHHAADAHHAHHAAYAHHAHHASDAHHAADAHHAAYAHHAHHAADAHHAADAHHATDAHHAHHATDAHHAHHAADAHHAHHAADAHHATDAHHAADAHHAADAHHATDAHHAHHAADAHHAAAHHATDAH,9,9,9,3,9,6,6,6,3,11,0,0,6,9,0,0,0,0,5,0,0,0,0,0
LShr132,GAGATTATTACACGAAACTCAAGCACATGTAGATGATGCCCATCATGCTCATCATGTAGCCGATGCCCATCATGCTCATCATGCTCACCATGCAGCCGATGCCCATCACGCTCATCATGCAGCCGATGCTCATCATGCTCACCATGCAGCCGATGCCCATCACGCTCATCATGCAGCCGATGCCCATCATGCTCACCATGCAGCTGATGCTCATCACGCTCATCATGCAGCCGATGCCCATCATGCTCATCATGCAGCCGATGCCCATCATGCTCACCATGCAGCTGATGCTCATCAYGCTCATCATGCAGCCGATGCCCATCATGCTCATCATGCAGCYBATGCCCATCATGCTCATCATGCATCCGATGCTCATCATGCAGCTGATGCTCACCATGCAGCTTATGCCCATCAYGCTCATCATGCAGCTGATGCTCACCATGCAGCTTATGCCCATCAYGCTCATCATGCAGCTGATGCTCATCATGCAGCCGATGCTCACCATGCAAYCGATGCTCATCATGCAGCCGATGCTCACCATGCAACCGATGCTCATCATGCAGCCSATGCTCACCATGCAACCGATGCTCATCATGCAGCCGATGCTCACCATGCAGCCGATGCTCACCATGCAACCGATGCTCATCACGCTCACCATGCAGCCGATGCTCATCATGCAGCCGCACACCATGCAACTGATGCTCACCATGCAGC,RLLHETQAHVDDAHHAHHVADAHHAHHAHHAADAHHAHHAADAHHAHHAADAHHAHHAADAHHAHHAADAHHAHHAADAHHAHHAADAHHAHHAADAHXAHHAADAHHAHHAXXAHHAHHASDAHHAADAHHAAYAHXAHHAADAHHAAYAHXAHHAADAHHAADAHHAXDAHHAADAHHATDAHHAAXAHHATDAHHAADAHHAADAHHATDAHHAHHAADAHHAAAHHATDAHHA,9,9,0,3,9,6,6,6,3,11,0,0,6,0,0,0,0,0,5,0,0,0,0,0
LShr133,ATTATTACACGAAACTCAAGCACATGTAGATGATGCCCATCATGCTCATCATGTAGCCGATGCCCATCATGCTCATCATGCTCACCATGCAGCCGATGCCCATCACGCTCATCATGCAGCCGATGCTCATCATGCTCACCATGCAGCCGATGCCCATCACGCTCATCATGCAGCCGATGCCCATCATGCTCACCATGCAGCTGATGCTCATCACGCTCATCATGCAGCCGATGCCCATCATGCTCATCATGCAGCCGATGCCCATCATGCTCACCATGCAGCTGATGCTCATCACGCTCATCATGCAGCCGATGCCCATCATGCTCATCATGCAGCCTATGCCCATCATGCTCATCATGCATCCGATGCTCATCATGCAGCTGATGCTCACCATGCAGCTTATGCCCATCAYGCTCATCATGCAGMTGATGCTCACCATGCAGCTTATGCCCATCACGCTCATCATGCAGCTGATGCTCATCATGCAGCCGATGCTCACCATGCAACCGATGCTCATCATGCAGCCGATGCTCACCATGCAACCGATGCTCATCATGCAGCCGATGCTCACCATGCAACCGATGCTCATCATGCAGCCGATGCTCACCATGCAGCCGATGCTCACCATGCAACCGATGCTCATCACGCTCACCATGCAGCCGATGCTCATCATGCAGCCGCACACCATGCAACTGATGCTCACCAGC,LLHETQAHVDDAHHAHHVADAHHAHHAHHAADAHHAHHAADAHHAHHAADAHHAHHAADAHHAHHAADAHHAHHAADAHHAHHAADAHHAHHAADAHHAHHAADAHHAHHAAYAHHAHHASDAHHAADAHHAAYAHXAHHAXDAHHAAYAHHAHHAADAHHAADAHHATDAHHAADAHHATDAHHAADAHHATDAHHAADAHHAADAHHATDAHHAHHAADAHHAAAHHATDAHQ,9,9,9,3,9,6,6,6,3,11,0,0,6,0,0,0,0,0,5,0,0,0,0,0
LShr157,ATTATTACACGAAACTCAAGCACATGTAGATGATGCCCATCATGCTCATCATGTAGCCGATGCCCATCATGCTCATCATGTAGCCGATGCCCATCATGCTCATCATGTAGCCGATGCCCATCATGCTCATCATGTAGCCGATGCCCATCATGCTCATCATGCATCCGATGCCCATCATGCTCATCATGCAGCCGATGCCCATCATGCACATCATGCAGCCTATGCCCATCATGCTCATCATGCAGCCGATGCCCATCATGCTCATCATGCTCACCATGCAGCCGATGCCCATCAYGCTCATCATGCAGCCGATGCCCATCATGCTCACCATGCAGMTGATGCTCATCAYGCTCATCATGCAGCCGATGCCCATCATGCTCATCATGCAGCYGATGCYCATCATGCTCACCATGCAGMTGATGCTCATCAYGCTCATCATGCAGMTGATGCTCATCATGCAGCCGATGCTCACCATGCAACYGATGCTCATCATGCATCCGATGCTCATCATGCAGCTGATGCTCACCATGCAGCTTATGCCCATCACGCTCATCATGCAGMTGATGCTCATCATGCAGCCGATGCTCACCATGCAGCCGATGCTCACCATGCAACYGATGCTCATCATGCAGCCGATGCTCATCATGCAGCCGATGCTCACCATGCAGCYGATGCTCACCATGCAACCGATGCTCATCACGCTCACCATGCAGCCGATGCTCATCATGCAGCCGCACACCATGCAACTGATGCTCACCATGCAGCCGCACACCATGCAACCGATG,LLHETQAHVDDAHHAHHVADAHHAHHVADAHHAHHVADAHHAHHVADAHHAHHASDAHHAHHAADAHHAHHAAYAHHAHHAADAHHAHHAHHAADAHXAHHAADAHHAHHAXDAHXAHHAADAHHAHHAXDXHHAHHAXDAHXAHHAXDAHHAADAHHAXDAHHASDAHHAADAHHAAYAHHAHHAXDAHHAADAHHAADAHHAXDAHHAADAHHAADAHHAXDAHHATDAHHAHHAADAHHAAAHHATDAHHAAAHHATD,9,9,9,3,9,6,6,6,3,11,0,0,6,0,0,0,0,0,5,0,0,0,0,0
LShr165,AATAAGAGATTATTACACGAAACTCAAGCACATGTAGATGATGCCCATCATGCTCATCATGTAGCCGATGCCCATCATGCTCATCATGTAGCCGATGCCCATCATGCTCATCATGTAGCCGATGCCCATCATGCTCATCATGTAGCCGATGCCCATCATGCTCATCATGCAGCCGATGCCCATCATGCTCATCATGCAGCCGATGCCCATCATGCTCATCATGCAGCCTATGCCCATCATGCTCATCATGCAGCCGATGCTCACCATGCAACCGATGCTCATCATGCAGCCGATGCCCATCATGCTCATCATGCAGCCGATGCCCATCATGCTCACCATGCAGCTGATGCTCATCAYGCTCATCATGCAGCCGATGCCCATCATGCTCATCATGCAGCCTATGCCCATCATGCTCATCATGCATCCGATGCTCATCATGCATCCGATGCTCATCATGCAGCTGATGCTCACCATGCAGCTTATGCCCATCACGCTCATCATGCAGCTGATGCTCATCATGCAGCCGATGCTCACCATGCAACCGATGCTCATCATGCAGCYGATGCTCACCATGCAACCGATGCTCATCACGCTCACCATGCAGCCGATGCTCATCATGCAGCCGCACACCATGCAACTGATGCTC,NKRLLHETQAHVDDAHHAHHVADAHHAHHVADAHHAHHVADAHHAHHVADAHHAHHAADAHHAHHAADAHHAHHAAYAHHAHHAADAHHATDAHHAADAHHAHHAADAHHAHHAADAHXAHHAADAHHAHHAAYAHHAHHASDAHHASDAHHAADAHHAAYAHHAHHAADAHHAADAHHATDAHHAXDAHHATDAHHAHHAADAHHAAAHHATDA,9,9,9,3,9,6,6,6,3,11,0,0,6,0,0,0,0,0,5,0,0,0,0,0
LShr171,ATAAGAGATTATTACACGAAACTCAAGCACATGTAGATGATGCCCATCATGCTCATCATGTAGCCGATGCCCATCATGCTCATCATGCAGCTGATGCTCACCATGCAGCTTATGCCCATCACGCTCATCATGCAGCTGATGCTCATCATGCAGCCGATGCTCACCATGCAACCGATGCTCATCATGCTCATCATGCTCACCATGCAGCCGATGCCCATCACGCTCATCATGCAGCCGATGCCCATCATGCTCACCATGCAGCTGATGCTCATCACGCTCATCATGCAGCCGATGCCCATCATGCTCATCATGCAGCCGATGCCCATCATGCTCACCATGCAGCTGATGCTCATCACGCTCATCATGCAGCCGATGCCCATCATGCTCATCATGCAGCCTATGCCCATCATGCTCATCATGCATCCGATGCTCATCATGCATCCGATGCTCATCATGCAGCTGATGCTCACCATGCAGCTTATGCCCATCACGCTCATCATGCAGCTGATGCTCATCATGCAGCCGATGCTCACCATGCAACCGATGCTCATCATGCAGCCGATGCTCACCATGCAACCGATGCTCATCACGCTCACCATGCAGCCGATGCTCACCATGCAGCCGATGCTCATCATGCAGCCGCACACCATGCAACTGATGCTCACCATGCAGCCGCACACCATGCAACCGATGCTCA,KRLLHETQAHVDDAHHAHHVADAHHAHHAADAHHAAYAHHAHHAADAHHAADAHHATDAHHAHHAHHAADAHHAHHAADAHHAHHAADAHHAHHAADAHHAHHAADAHHAHHAADAHHAHHAADAHHAHHAAYAHHAHHASDAHHASDAHHAADAHHAAYAHHAHHAADAHHAADAHHATDAHHAADAHHATDAHHAHHAADAHHAADAHHAAAHHATDAHHAAAHHATDA,9,9,9,3,9,6,6,6,3,11,0,0,6,0,0,0,0,0,5,0,0,0,0,0
LShr177,AGAGATTATTACACGAAACTCAAGCACATGTAGATGATGCCCATCATGCTCATCATGTAGCCGATGCCCATCATGCTCATCATGCTCACCATGCAGCCGATGCCCATCACGCTCATCATGCAGCCGATGCTCATCATGCTCACCATGCAGCCGATGCCCATCACGCTCATCATGCAGCCGATGCCCATCATGCTCACCATGCAGCTGATGCTCATCACGCTCATCATGCAGCCGATGCCCATCATGCTCATCATGCAGCCGATGCCCATCATGCTCACCATGCAGCTGATGCTCATCAYGCTCATCATGCAGCCGATGCCCATCATGCTCATCATGCAGCCTATGCCCATCATGCTCATCATGCATCCGATGCTCATCATGCAGMTGATGCTCACCATGCAGMTTATGCCCATCAYGCTCATCATGCAGCTGATGCTCACCATGCAGCTTATGCCCATCAYGCTCATCATGCAGCTGATGCTCATCATGCAGCCGATGCTCACCATGCAAMCGATGCTCATCATGCAGCCGATGCTCACCATGCAACCGATGCTCATCATGCAGCCGATGCTCACCATGCAACYGATGCTCATCATGCAGCCGATGCTCACCATGCAGMYGATGCTCACCATGCAACCGATGCTCATCACGCTCACCATGCAGCCGATGCTCATCATGCAGCCGCACACCATGCAACTGATGCTCACCATGCAGCC,RLLHETQAHVDDAHHAHHVADAHHAHHAHHAADAHHAHHAADAHHAHHAADAHHAHHAADAHHAHHAADAHHAHHAADAHHAHHAADAHHAHHAADAHXAHHAADAHHAHHAAYAHHAHHASDAHHAXDAHHAXYAHXAHHAADAHHAAYAHXAHHAADAHHAADAHHAXDAHHAADAHHATDAHHAADAHHAXDAHHAADAHHAXDAHHATDAHHAHHAADAHHAAAHHATDAHHAA,9,9,9,3,9,6,6,6,3,11,0,0,6,0,0,0,0,0,5,0,0,0,0,0
LShr44,TTAATTTAAATAAGAGATTATTACACGAAACTCAAGCACATGTAGATGATGCCCATCATGCTCATCATGTAGCCGATGCCCATCATGCTCATCATGCAGCCGATGCCCATCATGCTCACCATGCAGCTGATGCTCATCACGCTCATCATGCAGCCGATGCCCATCATGCTCATCATGCAGCCGATGCCCATCATGCTCACCATGCAGCTGATGCTCATCACGCTCATCATGCAGCCGATGCCCATCATGCTCATCATGCAGCCTATGCCCATCATGCTCATCATGCATCCGATGCTCATCATGCAGCTGATGCTCACCATGCAGCTTATGCCCATCACGCTCATCATGCAGCCGATGCTCACCATGCAACCGATGCTCATCATGCAGCCGATGCTCACCATGCAGCCGATGCTCACCATGCAGCCGATGCTCACCATGCAACCGATGCTCATCACGCTCACCATGCAGCCGATGCTCATCATGCAGCCGATGCTCATCATGCAGCCGCACACCATGCAACTGATGCTCACCATGCAGCCACACACCATGCAACCGATGCTCACCATGCAGCCGCACACCACGAAGCCGCCACACATTGC,NLNKRLLHETQAHVDDAHHAHHVADAHHAHHAADAHHAHHAADAHHAHHAADAHHAHHAADAHHAHHAADAHHAHHAADAHHAHHAAYAHHAHHASDAHHAADAHHAAYAHHAHHAADAHHATDAHHAADAHHAADAHHAADAHHATDAHHAHHAADAHHAADAHHAAAHHATDAHHAATHHATDAHHAAAHHEAATHC,9,9,9,3,9,6,6,6,3,11,0,13,6,0,0,0,0,0,5,0,0,0,0,0
LShr64,AGAGATTATTACACGAAACTCAAGCACATGTAGATGATGCCCATCATGCTCATCATGTAGCCGATGCCCATCATGCTCATCATGTAGCCGATGCCCATCATGCTCATCATGTAGCCGATGCCCATCATGCTCATCATGCAGCCGATGCCCATCATGCTCATCATGCAGCCTATGCCCATCATGCTCATCATGCAGCCGATGCCCATCATGCTCATCATGCAGCCGATGCCCATCACGCTCATCATGCAGCCGATGCCCATCATGCTCACCATGCAGCTGATGCTCATCACGCTCATCATGCAGCCGATGCCCATCATGCTCATCATGCAGCCTATGCCCATCATGCTCATCATGCATCCGATGCTCATCATGCAGCTGATGCTCACCATGCAGCTTATGCCCATCACGCTCATCATGCAGCTGATGCTCATCATGCAGCCGATGCTCACCATGCAACCGATGCTCATCACGCTCACCATGCAACCGATGCTCATCACGCTCACCATGCAGCCGATGCTCATCACGCTCACCATGCAGCCGATGCTCACCATGCAACCGATGCTCATCATGCAGCCGATGCTCACCATGCAGCCGATGCTCACCATGCAACCGATGCTCATCACGCTCACCATGCAGCCGATGCTCATCATGCAGCCGCACACCATGCAACCGATGCTC,RLLHETQAHVDDAHHAHHVADAHHAHHVADAHHAHHVADAHHAHHAADAHHAHHAAYAHHAHHAADAHHAHHAADAHHAHHAADAHHAHHAADAHHAHHAADAHHAHHAAYAHHAHHASDAHHAADAHHAAYAHHAHHAADAHHAADAHHATDAHHAHHATDAHHAHHAADAHHAHHAADAHHATDAHHAADAHHAADAHHATDAHHAHHAADAHHAAAHHATDA,9,9,9,3,9,6,6,6,3,11,0,0,6,9,0,0,0,0,5,0,0,0,0,0
LShr86,AATAAGAGATTATTACACGAAACTCAAGCACATGTAGATGATGCCCATCATGCTCATCATGTAGCCGATGCCCATCATGCTCATCATGTAGCCGATGCCCATCATGCTCATCATGTAGCCGATGCCCATCATGCTCATCATGCAGCCGATGCCCATCATGCTCATCATGCAGCCGATGCCCATCATGCTCATCATGCAGCCGATGCCCATCATGCTCATCATGCAGCCTATGCCCATCATGCTCATCATGCAGCCGATGCCCATCACGCTCATCATGCAGCCGATGCCCATCATGCTCACCATGCAGCTGATGCTCATCACGCTCATCATGCAGCCGATGCCCATCATGCTCATCATGCAGCCGATGCCCATCATGCTCACCATGCAGCTGATGCTCATCACGCTCATCATGCAGCCGATGCCCATCATGCTCATCATGCAGCCTATGCCCATCATGCTCATCATGCATCCGATGCTCATCATGCAGCTGATGCTCACCATGCAGCTTATGCCCATCACGCTCATCATGCAGCTGATGCTCATCATGCAGCCGATGCTCACCATGCAACCGATGCTCATCACGCTCACCATGCAGCCGATGCTCACCATGCAACCGATGCTCACCATGCAACCGATGCTCACCATGCAACCGATGCTCATCACGCTCACCATGCAGCCGATGCTCATCATGCAGCCGATGCTCACCATGCAGCCGATGCTCACCATGCAACCGATGCTCATCATGCAGCCGATGCTCATCATGCAGCCGCACACCATGCAACCGATG,NKRLLHETQAHVDDAHHAHHVADAHHAHHVADAHHAHHVADAHHAHHAADAHHAHHAADAHHAHHAADAHHAHHAAYAHHAHHAADAHHAHHAADAHHAHHAADAHHAHHAADAHHAHHAADAHHAHHAADAHHAHHAADAHHAHHAAYAHHAHHASDAHHAADAHHAAYAHHAHHAADAHHAADAHHATDAHHAHHAADAHHATDAHHATDAHHATDAHHAHHAADAHHAADAHHAADAHHATDAHHAADAHHAAAHHATD,9,9,9,3,9,6,6,6,3,11,0,0,6,0,0,0,0,0,5,0,0,0,0,0
HAss35,GACTTAATTTAAATAAGAGATTATTACACGAAACTCAAGCACAGGTAGATGATGCCCATCATGCTCATCATGTATTCCGCATTTAATAATAACTTGTGTAGCAAAAATGCAAAAGGACTTAATTTAAATAAGAGATTATTACACGAAACTCAAGCACATGTAGATGATGCCCATCATGCTCATCATGTAGCCGATGCCCATCATGCTCATCATGTAGCCGATGCCCATCATGCTCACCATGCAGCTGATGCTCATCACGCTCATCATGCAGCCGATGCCCATCATGCTCATCATGCAGCCTATGCCCATCATGCTCATCATGCATCCGATGCTCATCATGCAGCTGATGCTCACCATGCAGCTTATGCCCATCATGCTCATCATGCAGCTGATGCTCATCATGCAGCCGATGCTCACCATGCAACCGATGCTCATCATGCAGCCGATGCTCACCATGCAACCGATGCTCATCATGCAGCCGATGCTCACCATGCAGCCGATGCTCACCATGCAACCGATGCTCATCACGCTCACCATGCAGCCGATGCTCATCACGCTCACCATGCAGCCGATGCTCATCATGCAGCCGCACACCATGCAACTGATGCTCACCATGCAGCCGCACACCATGCAACCGATGCTCACCATGCAGACGCACACCACGAAGCCGCCGCACATTGCCTACACCATA,LNLNKRLLHETQAQVDDAHHAHHVFRI,0,0,0,3,0,0,0,0,0,0,0,0,0,0,0,0,0,0,0,0,0,0,0,0
HKum57,TGGCGTAGGCAATGTGTGGCGGCTTCGTGGTGTGCGGCTGCATGGTGAGCATCGGTTGCATGGTGTGCGGCTGCAGGATGAGCATCGGTTGCATGGTGAGCATCGGCTGCATGGTGAGCATCGGCTGCATGGTGAGCATGATGGGCATCATCTACATGTGCTTGAGTTTCGTGTAATAATCTCTTATTTAAATTAAGTCCTTTTGCATTTTTGCTACACAAGTTATTATTAAATGCGGAA,SAFNNNLCSKNAKGLNLNKRLLHETQAHVDDAHHAHHAADAHHAADAHHATDAHPAAAHHATDAHHAAAHHEAATHCLR,0,9,0,3,0,6,6,0,0,0,0,13,0,0,0,0,0,0,5,0,0,0,0,0
HKum67,ATAAGAGATTATTACACGAAACTCAAGCACATGTAGATGATGCCCATCATGCTCATCATGTAGCCGATGCCCATCATGCTCATCATGTAGCCGATGCCCATCATGCTCATCATGTAGCCGATGCCCATCATGCTCATCATGCAGCCGATGCCCATCATGCTCATCATGCAGCCGATGCCCATCATGCTCATCATGCAGCCTATGCCCATCATGCTCATCATGCAGCCGATGCTCACCATGCAACCGATGCTCATCATGCAGCCGATGCTCACCATGCAGCCGATGCTCATCATGCAGCCGATGCTCACCATGCAGCCGATGCTCATCATGCAGCCGATGCTCATCATGCAGCCGATGCTCATCACGCTCATCATGCAGCCGATGCCCATCATGCTCATCATGCAGCCGATGCCCATCATGCTCATCATGCAGCCGATGCCCATCATGCTCACCATGCAGCTGATGCTCATCACGCTCATCATGCAGCCGATGCCCATCATGCTCATCATGCAGCCTATGCCCATCATGCTCATCATGCATCCGATGCTCATCATGCAGCTGATGCTCACCATGCAGCTTATGCCCATCACGCTCATCATGCAGCTGATGCTCATCATGCAGCCGATGCTCACCATGCAACCGATGCTCATCATGCAGCCGATGCTCACCATGCAGCCGATGCTCATCACGCTCACCATGCAGCCGATGCTCATCATGCAGCCGCACACCATGCA,KRLLHETQAHVDDAHHAHHVADAHHAHHVADAHHAHHVADAHHAHHAADAHHAHHAADAHHAHHAAYAHHAHHAADAHHATDAHHAADAHHAADAHHAADAHHAADAHHAADAHHAADAHHAHHAADAHHAHHAADAHHAHHAADAHHAHHAADAHHAHHAADAHHAHHAAYAHHAHHASDAHHAADAHHAAYAHHAHHAADAHHAADAHHATDAHHAADAHHAADAHHAHHAADAHHAAAHHA,9,9,9,3,9,6,6,6,3,0,0,0,6,0,0,0,0,0,5,0,0,0,0,0
HShr105,GGCAAAGTGGGGCGGCTTCGTGGTGTGCGGCTGCATGGTGAACATCGGTTGCATGGTGTGCGGCTGCATGATGAGCATCGGTTGCATGGTGAGCATCGGCTGCATGGTGAGCATCGGCTGCATGGTGAGCATCGGCTGCATGATGAGCATCGGTTGCATGGTGAGCATCGGCTGCATGATGAGCATCGGTTGCATGGTGAGCATCGGCTGCATGATGAGCATCGGTTGCATGGTGAGCATCGGCTGCATGGTGAGCGTGATGAGCATCGGTTGCATGATGAGCATGATGGGCATCGGCTGCATGATGAGCATGATGGGCATCGGCTGCATGATGAGCATGATGGGCATAGGCTGCATGATGAGCATGATGGGCATCGGCTGCATGATGAGCATGATGGGCATCGGCTGCATGATGAGCATGATGGGCATCGGCTACATGATGAGCATGATGGGCATCGGCTACATGATGAGCATGATGGGCATCGGCTACATGATGAGCATGATGGGCATCATCTACATGTGCTTGAGTTTCGTGTAATAATCTCTTATTTAAATTAAGTCCTTTTGCATTTTTGCTACACAAGTTATTATTAAATGCGGAA,SAFNNNLCSKNAKGLNLNKRLLHETQAHVDDAHHAHHVADAHHAHHVADAHHAHHVADAHHAHHAADAHHAHHAADAHHAHHAAYAHHAHHAADAHHAHHAADAHHAHHATDAHHAHHAADAHHATDAHHAADAHHATDAHHAADAHHATDAHHAADAHHAADAHHAADAHHATDAHHAAAHHATDVHHAAAHHEAAPLC,9,9,9,3,0,6,6,6,3,11,0,0,0,9,0,0,0,0,5,0,0,0,0,0
HShr12,TATTCCGCATTTAATAATAACTTGTGTAGCAAAAATGCAAAAGGACTTAATTTAAATAAGAGATTATTACACGAAACTCAAGCACATGTAGATGATGCCCATCATGCTCATCATGTAGCCGATGCCCATCATGCTCATCATGTAGCCGATGCTCACCATGCAGCCGATGCTCATCATGCAGCCGCACACCATGCAACTGATGCTCACCATGCAGCCGCACACCATGCAACCGATGCTCACCATGCAGCCGCACACCACGAAGCCGCCACACATTGCCTACGCCATA,YSAFNNNLCSKNAKGLNLNKRLLHETQAHVDDAHHAHHVADAHHAHHVADAHHAADAHHAAAHHATDAHHAAAHHATDAHHAAAHHEAATHCLRH,9,0,0,3,0,6,6,0,0,11,0,13,0,0,0,0,0,0,5,0,0,0,0,0
HShr133,GTATGGCGTAGGCAATGTGTGGCGGCTTCGTGGTGTGCGGCTGCATGGTGAGCATCGGTTGCATGGTGTGCGGCTGCATGGTGAGCATCAGTTGCATGGTGTGCGGCTGCATGATGAGCATCGGCTGCATGGTGAGCATCGGCTGCATGATGAGCATGATGGGCATCGGCTACATGATGAGCATGATGGGCATCGGCTACATGATGAGCATGATGGGCATCGGCTACATGATGAGCATGATGGGCATCATCTACATGTGCTTGAGTTTCGTGTAATAATCTCTTATTTAAATTAAGTCCTTTTGCATTTTTGCTACACAAGTTATTATTAAATGCGGAATAC,YSAFNNNLCSKNAKGLNLNKRLLHETQAHVDDAHHAHHVADAHHAHHVADAHHAHHVADAHHAHHAADAHHAADAHHAAAHHATDAHHAAAHHATDAHHAAAHHEAATHCLRH,9,9,0,3,0,6,6,0,0,11,0,13,0,0,0,0,0,0,5,0,0,0,0,0
HShr3,CGATGCCCATCATGCTCATCATGTAGCCGATGCCCATCATGCTCATCATGTAGCCGATGCCCATCATGCTCATCATGCAGCCGATGCCCATCATGCTCATCATGCAGCCGATGCCCATCATGCTCATCATGCAGCCTATGCCCATCATGCTCATCATGCAGCCGATGCTCACCATGCAACCGATGCTCACCATGCASCCGATGCTCACCATGCAGCCGATGCTCATCATGCACCCGATGCTCACCATGCASCCGATGCTCATCACGCTCACCATGCASCCGATGCTCATCACGCTCATCATGCASCCGATGCTCATCACGCTCATCATGCACCCGATGCCCATCATGCTCATCATGCASCCGATGCCCATCATGCTCATCATGCASCCGATGCCCATCATGCTCACCATGCAGCTGATGCTCATCACGCTCATCATGCAGCCGATGCCCATCATGCTCATCATGCAGCCTATGCCCATCATGCTCATCATGCATCCGTCGCTCATCATGCAGATGATGCTCACCATGCAGATTATGCCCATCACGCTCATCATGCAGATGATGCTCATCATGCAGCCGATGCTCACCATGCAACCGATGCTCATCATGCAGCCGATGCTCACCATGCAG,DAHHAHHVADAHHAHHVADAHHAHHAADAHHAHHAADAHHAHHAAYAHHAHHAADAHHATDAHHAXDAHHAADAHHAPDAHHAXDAHHAHHAXDAHHAHHAXDAHHAHHAPDAHHAHHAXDAHHAHHAXDAHHAHHAADAHHAHHAADAHHAHHAAYAHHAHHASVAHHADDAHHADYAHHAHHADDAHHAADAHHATDAHHAADAHHA,9,9,9,3,0,6,6,6,3,0,0,0,0,0,0,0,0,0,5,0,0,0,0,0
HShr44,ATTATTACACGAAACTCAAGCACATGTAGATGATGCCCATCATGCTCATCATGTAGCCGATGCCCATCATGCTCATCATGTAGCCGATGCCCATCATGCTCAACATGCAGCCGATGCCCATCATGCTCATCATGCAGCCGATGCCCATCATGCTCATCATGCAGCCTATGCCCATCATGCTCATCATGCAGCCGATGCTCACCATGCAACCGATGCTCATCACGCTCACCATGCAGCCGATGCTCATCACGCTCATCATGCAGCCGATGCCCATCATGCTCATCATGCAGCCGATGCCCATCATGCTCATCATGCAGCCGATGCCCATCATGCTCACCATGCAGCTGATGCTCATCACGCTCATCATGCAGCCGATGCCCATCATGCTCATCATGCAGCCTATGCCCATCATGCTCATCATGCATCCGATGCTCATCATGCATCCGATGCTCATCATGCAGCTGATGCTCACCATGCAGCTTATGCCCATCACGCTCATCATGCAGCTGATGCTCATCATGCAGCCGATGCTCATCATGCAGCCGATGCTCACCATGCAACCGATGCTCATCATGCAGCCGATGCTCACCATGCAGCCGATGCTCACCATGCAACCGATGCTCATCACGCTCACCATGCATCCGATGCTCATCACGCTCACCATGCAGCCGATGCTCATCATGCAGCCGCACACCATGCAACTGATGCTCACCATGCAGCCGCACACCATGCAAC,LLHETQAHVDDAHHAHHVADAHHAHHVADAHHAQHAADAHHAHHAADAHHAHHAAYAHHAHHAADAHHATDAHHAHHAADAHHAHHAADAHHAHHAADAHHAHHAADAHHAHHAADAHHAHHAADAHHAHHAAYAHHAHHASDAHHASDAHHAADAHHAAYAHHAHHAADAHHAADAHHAADAHHATDAHHAADAHHAADAHHATDAHHAHHASDAHHAHHAADAHHAAAHHATDAHHAAAHHA,9,9,9,3,9,6,6,6,3,11,0,0,6,0,0,0,0,0,5,0,0,0,0,0
HShr48,TTCCGCATTTAATAATAACTTGTGTAGCAAAAATGCAAAAGGACTTAATTTAAATAAGAGATTATTACACGAAACTCAAGCACATGTAGATGATGCCCATCATGCTCATCATGTAGCCGATGCTCATCATGCAGCTGATGCTCACCATGCAGCTTATGCCCATCACGCTCATCATGCAGCTGATGCTCATCATGCAGCCGATGCTCACCATGCAGCCGATGCTCATCATGCAGCCGCACACCATGCAACTGATGCCCACCATGCAGCCGCACACCATGCAACCGATGCTCACCATGCAGCCGCACACCACGAAGCCGCCACACATTGCCTACGCCA,SAFNNNLCSKNAKGLNLNKRLLHETQAHVDDAHHAHHVADAHHAADAHHAAYAHHAHHAADAHHAADAHHAADAHHAAAHHATDAHHAAAHHATDAHHAAAHHEAATHCLR,9,9,0,3,0,6,6,6,3,11,0,13,0,0,0,0,0,0,5,0,0,0,0,0
HShr64,ATGGCGTAGGCAATGTGTGGCGGCTTCGTGGTGTGCGGCTGCATGGTGAGCATCGGTTGCATGGTGTGCGGCTGCATGGTGAGCATCAGTTGCATGATGTGCGGCTGCATGATGAGCATCGGCTGCATGATGAGCATGATGGGCATCGGCTGCATGATGAGCATGATGGGCATCGGCTGCATGATGAGCATGATGGGCATCGGCTACATGATGAGCATGATGGGCATCGGCTACATGATGAGCATGATGGGCATCGGCTACATGATGAGCATGATGGGCATCATCTACATGTGCTTGAGTTTCGTGTAATAATCTCTTATTTAAATTAAGTCCTTTTGCATTTTTGCTACACAAGTTATTATTAAATGCGGAA,SAFNNNLCSKNAKGLNLNKRLLHETQAHVDDAHHAHHVADAHHAHHVADAHHAHHVADAHHAHHAADAHHAHHAADAHHAHHAADAHHAAAHHATDAHHAAAHHATDAHHAAAHHEAATHCLRH,9,9,0,3,0,6,6,0,0,11,0,13,0,0,0,0,0,0,5,0,0,0,0,0
HShr87,TGGCGTAGGCAATGTGTGGCGGCTTCGTGGTGTGCGGCTGCATGGTGAGCATCGGTTGCATGGTGTGCGGCTGCATGGTGAGCATCAGTTGCATGGTGTGCGGCTGCATGACGAGCATCGGCTGCATGATGAGCATGATGGGCATCGGCTACATGATGAGCATGATGGGCATCGGCTACATGATGAGCATGATGGGCATCGGCTACATGATGAGCATGATGGGCATCATCTACATGTGCTTGAGTTTCGTGTAATAATCTCTTATTTAAATTAAGTCCTTTTGCATTTTTGCTACACAAGTTATTATTAAATGCGGAA,SAFNNNLCSKNAKGLNLNKRLLHETQAHVDDAHHAHHVADAHHAHHVADAHHAHHVADAHHAHHAADARHAAAHHATDAHHAAAHHATDAHHAAAHHEAATHCLR,9,9,0,3,0,6,6,0,0,11,0,13,0,0,0,0,0,0,5,0,0,0,0,0
LKum58,TTCCGCATTTAATAATAACTTGTGTAGCAAAAATGCAAAAGGACTTAATTTAAATAAGAGATTATTACACGAAACTCAAGCACATGTAGATGATGCCCATCATGCTCATCATGTAGCCGATGCCCATCACGCTCATCATGTAGCCGATGCCCATCATGCTCATCATGCAGCCTATGCCCATCATGCTCATCATGCATCCGATGCTCATCATGCAGCTGATGCTCACCATGCAGCCGCACACCACGAAGCCGCCACACATTGCCTACGCCA,SAFNNNLCSKNAKGLNLNKRLLHETQAHVDDAHHAHHVADAHHAHHVADAHHAHHAAYAHHAHHASDAHHAADAHHAAAHHEAATHCLR,9,0,9,3,9,0,6,6,3,0,0,13,6,0,0,0,0,0,5,0,0,0,0,0
LShr61,TATTCCGCATTTAATAATAACTTGTGTAGCAAAAATGCAAAAGGACTTAATTTAAATAAGAGATTATTACACGAAACTCAAGCACATGTAGATGATGCCCATCATGCTCATCATGTAGCCGATGCCCATCATGCTCATCATGTAGCCGATGCCCATCATGCTCATCATGTAGCCGATGCCCATCATGCTCATCATGCAGCCGCACACCACGAAGCCGCCACACATTGCCTACGCCATA,YSAFNNNLCSKNAKGLNLNKRLLHETQAHVDDAHHAHHVADAHHAHHVADAHHAHHVADAHHAHHAAAHHEAATHCLRH,9,0,0,3,0,0,0,0,0,0,0,13,0,0,0,0,0,0,5,0,0,0,0,0
LShr73,CATTTTAATAATAACTTGTGTAGCAAAAATGCAAAAGGACTTAATTTAAATAAGAGATTATTACACGAAACTCAAGCACATGTAGATGATGCCCATCATGCTCATCATGTAGCCGATGCCCATCATGCTCATCATGCTCACCATGCAGCCGATGCCCATCACGCTCATCATGCAGCCGATGCTCATCATGCTCACCATGCAGCCGATGCCCATCACGCTCATCATGCAGCCGATGCCCATCATGCTCACCATGCAGCTGATGCTCATCACGCTCATCATGCAGCCGATGCCCATCATGCTCATCATGCAGCCGATGCCCATCATGCTCACCATGCAGCTGATGCTCATCACGCTCATCATGCAGCCGATGCCCATCATGCTCATCATGCAGCCTATGCCCATCATGCTCATCATGCATCCGATGCTCATCATGCAGCTGATGCTCACCATGCAGCTTATGCCCATCACGCTCATCATGCAGCTGATGCTCACCATGCAGCTTATGCCCATCACGCTCATCATGCAGCTGATGCTCATCATGCAGCCGATGCTCACCATGCAACCGATGCTCATCATGCAGCCGATGCTCACCATGCAACCGATGCTCATCATGCAGCCGATGCTCACCATGCAACCGATGCTCATCATGCAGCCGATGCTCACCATGCAGCCGATGCTCACCATGCAACCGATGCTCATCACGCTCACCATGCGGCCGATGCTCATCATGCAGCCGCACACCATGCAACTGATGCTCACCATGCAGCCGCACACCATGCAGCCCGCACCCCACAAAGCCGCCACACATT,HFNNNLCSKNAKGLNLNKRLLHETQAHVDDAHHAHHVADAHHAHHAHHAADAHHAHHAADAHHAHHAADAHHAHHAADAHHAHHAADAHHAHHAADAHHAHHAADAHHAHHAADAHHAHHAADAHHAHHAAYAHHAHHASDAHHAADAHHAAYAHHAHHAADAHHAAYAHHAHHAADAHHAADAHHATDAHHAADAHHATDAHHAADAHHATDAHHAADAHHAADAHHATDAHHAHHAADAHHAAAHHATDAHHAAAHHAARTPQSRHT,9,9,9,3,9,6,6,6,3,11,0,0,6,0,0,0,0,0,5,0,0,0,0,0
HAss23,TGGCGTAGGCAATGTGTGGCGGCTTCGTGGTGTGCGGCTGCATTATGGGGTTGACAATCTGGGGGGGCTTCGTGGTGAGGGGCATCATGGTGAGCATCAGTTGCATGGTGTGCGGCTGCATGATGAGCATCGGCTGCATGGTGAGCGTGATGAGCATCGGTTGCATGGTGAGCATCGGCTGCATGATGAGCATCGGTTGCATGGTGAGCATCGGCTGCATGATGAGCATCAGCTGCATGATGAGCGTGATGGGCATAAGCTGCATGGTGAGCATCAGCTGCATGATGAGCATCGGATGCATGATGAGCATGATGGGCATAGGCTGCATGATGAGCATGATGGGCATCGGCTGCATGATGAGCATGATGGGCATCGGCTGCATGATGAGCATGATGGGCATCGGCTACATGATGAGCGTGATGGGCATCGGCTACATGATGAGCATGATGGGCATCATCTACATGTGCTTGAGTTTCGTGTAATAATCTCTTATTTAAATTAATCTCCTTTTGCATTTATGCTACAGAAGTTATCATTAAATGCAATAATAATCCTTTTGCATTTTTGCTACACAAGTTATTATTAAATGCGGAA,QKEINLNKRLLHETQAHVDDAHHAHHVADAHHAHHVADAHHAHHAADAHHAHHAADAHHAHHAAYAHHAHHASDAHHAADAHHAAYAHHAHHAADAHHAADAHHATDAHHAADAHHATDAHHAHHAADAHHAAAHHATDAHHDAPHHEAPPDCQPHNAAAHHEAATHCLR,9,9,9,3,9,6,6,6,3,11,0,0,6,0,0,0,0,0,5,0,0,0,0,0
HAss39,TATTCCCGCATTTTAATAATAACTTGTGTAGCAAAAATGCAAAAGGACTTAATTTAAATAAGAGATTATTACACGAAACTCAAGCACATGTAGATGATGCCCATCATGCTCATCATGTAGCCGATGCCCATCATGCTCATCATGTAGCCGATGCCCATCATGCTCATCATGCAGCCGATGCCCATCATGCTCATCATGCAGCCGATGCCCATCATGCTCATCATGCAGCCTATGCCCATCATGCTCATCATGCAGCCGATGCTCACCATGCAACCGATGCTCATCATGCAGCCGATGCTCACCATGCAGCCGATGCTCACCATGCAGCCGATGCTCATCACGCTCACCATGCAGCCGATGCTCATCACGCTCACCATGCAGCCGATGCTCATCACGCTCACCATGCAGCCGATGCTCATCACGCTCACCATGCAGCCGATGCTCATCACGCTCACCATGCAGCCGATGCTCATCACGCTCATCATGCAGCTGATGCTCATCACGCTCACCATGCAGCCGATGCCCATCATGCTCACCATGCAGCTGATGCTCATCACGCTCATCATGCAGCCGATGCTCATCATGCTCATCATGCATCCGATGCTCATCATGCAGCTGATGCTCACCATGCAGCTTATGCCCATCACGCTCATCATGCAGCTGATGCTCATCATGCAGCCGATGCTCACCATGCAACCGATGCTCATCATGCAGCCGATGCTCATCATGCAGCCGCACACCATGCAACTGATGCTCACCATGCATCCGCACACCACAAATCCGCCACACATTGACTTACGCCATA,FPHFNNNLCSKNAKGLNLNKRLLHETQAHVDDAHHAHHVADAHHAHHVADAHHAHHAADAHHAHHAADAHHAHHAAYAHHAHHAADAHHATDAHHAADAHHAADAHHAADAHHAHHAADAHHAHHAADAHHAHHAADAHHAHHAADAHHAHHAADAHHAHHAADAHHAHHAADAHHAHHAADAHHAHHAADAHHAHHASDAHHAADAHHAAYAHHAHHAADAHHAADAHHATDAHHAADAHHAAAHHATDAHHASAHHKSATH,9,9,9,3,9,6,6,6,3,11,0,0,6,0,0,0,0,0,5,0,0,0,0,0
HKum19,TATTCCGCATTTAATAATAACTTGTGTAGCAAAAATGCAAAAGGACTTAATTTAAATAAGAGATTATTACACGAAACTCAAGCACATGTAGATGATACCCATCATGCTCATCATGTAGCCGATGCCCATCATGCTCATCATGTAGCCGATGCCCATCATGCTCATCATGCAGCCGATGCCCATCATGCTCATCATGCAGCCGATGCTCACCATGCAACCGATGCTCATCACGCTCACCATGCAGCCGATGCTCATCACGCTCACCATGCAGCCGATGCTCATCATGCAGCCGCACACCATGCAACTGATGCTCACCATGCAGCCGCACACCATGCAACCGATGCTCACCATGCAGCCGCACACCACGAAGCCGCCACACATTGCCTACGCCATA,YSAFNNNLCSKNAKGLNLNKRLLHETQAHVDDTHHAHHVADAHHAHHVADAHHAHHAADAHHAHHAADAHHATDAHHAHHAADAHHAHHAADAHHAAAHHATDAHHAAAHHATDAHHAAAHHEAATHCLRH,9,9,0,3,0,6,6,0,0,11,0,13,0,0,0,0,0,0,5,0,0,0,0,0
HKum34,TATTACACGAAACTCAAGCACATGTAGATGATGCCCATCATGCTCATCATGTAGCCGATGCCCATCACGCTCATCATGTAGCCGATGCCCATCATGCTCATCATGCAGCCGATGCCCATCATGCTCATCATGCAGCCGATGCCCATCATGCTCATCATGCAGCCGATGCCCATCATGCTCATCATGCAGCCGATGCCCATCATGCTCATCACGCAGCCGATGCTCACCATGCAACCGATGCTCACCATGCAGCCGATGCTCACCATGCAGCCGATGCTCATCACGCAGCCGATGCTCACCATGCAGCCGATGCTCACCATGCAGCCGATGCTCACCATGCAGCCGATGCTCATCACGCTCATCATGCAGCCGATGCCCATCATGCTCATCATGCAGCCGATGCCCATCATGCTCATCATGCAGCCGATGCCCATCATGCTCACCATGCAGCTGATGCTCATCACGCTCATCATGCGGCCGATGCCCATCATGCTCATCATGCAGCCTATGCCCATCATGCTCATCATGCATCCGATGCTCATCATGCAGCTGATGCTCACCATGCAGCTTATGCCCATCACGCTCATCATGCAGCTGATGCTCATCATGCAGCCGATGCTCACCATGCAACCGATGCTCATCATGCAGCCGATGCTCACCATGCAACCGATGCTCATCACGCTCACCATGCAGCCGATGCTCATCATGCAGCCGCACACCATGCA,LHETQAHVDDAHHAHHVADAHHAHHVADAHHAHHAADAHHAHHAADAHHAHHAADAHHAHHAADAHHAHHAADAHHATDAHHAADAHHAADAHHAADAHHAADAHHAADAHHAADAHHAHHAADAHHAHHAADAHHAHHAADAHHAHHAADAHHAHHAADAHHAHHAAYAHHAHHASDAHHAADAHHAAYAHHAHHAADAHHAADAHHATDAHHAADAHHATDAHHAHHAADAHHAAAHHA,9,9,9,3,9,6,6,6,3,0,0,0,6,0,0,0,0,0,5,0,0,0,0,0
HShr114,TATGGCGTAGGCAATGTGTGGCGGCTTCGTGGTGTGCGGCTGCATGGTGAGCATCGGTTGCATGGTGTGCGGCTGCATGGTGAGCATCAGTTGCATGGTGTGCGGCTGCATGATGAGCATCGGCCGCATGGTGAGCATCGGCTGCATGATGAGCATCAGCTGCATGATGAGCGTGATGGGCATAAGCTGCATGGTGAGCATCAGCTGCATGATGAGCATCGGATGCATGATGAGCATGATGGGCATAGGCTGCATGATGAGCATGATGGGCATGATGGGCATCGGCTACATGATGAGCATGATGGGCATCATCTACATGTGCTTGAGTTTCGTGTAATAATCTCTTATTTAAATTAAGTCCTTTTGCATTTTTGCTACACAAGTTATTATTAAATGCGGAATA,YSAFNNNLCSKNAKGLNLNKRLLHETQAHVDDAHHAHHVADAHHAHHAHHAAYAHHAHHASDAHHAADAHHAAYAHHAHHAADAHHAADAHHAADAHHAAAHHATDAHHAAAHHATDAHHAAAHHEAATHCLRH,9,9,9,3,9,6,6,6,3,11,0,13,6,0,0,0,0,0,5,0,0,0,0,0
HShr126,TTTATTCCGCATTTAATAATAACTTGTGTAGCAAAAATGCAAAAGGACTTAATTTAAATAAGAGATTATTACACGAAACTCAAGCACATGTAGATGATGCCCATCATGCTCATCATGTAGCCGATGCCCATCATGCTCATCATGTAGCCGATGCCCATCATGCTCATCATGTAGCCGATGCCCATCATGCTCATCATGCAGCCGATGCTCACCATGCAACCGATGCTCATCATGCAGCCGATGCTCACCATGCAACCGATGCTCATCATGCAGCCGATGCTCACCATGCAACCGATGCTCATCATGCAGCCGATGCTCACCATGCAGCCGATGCTCACCATGCAGCCGATGCTCACCATGCAACCGATGCTCATCATGCAGCCGCACACCATGCAACCGATGCTCACCATGCAGCCGCACACCACGAAGCCGCCACACATTGCCTACGCCATA,YSAFNNNLCSKNAKGLNLNKRLLHETQAHVDDAHHAHHVADAHHAHHVADAHHAHHVADAHHAHHAADAHHATDAHHAADAHHATDAHHAADAHHATDAHHAADAHHAADAHHAADAHHATDAHHAAAHHATDAHHAAAHHEAATHCLRH,9,9,0,3,0,6,6,0,0,11,0,13,0,0,0,0,0,0,5,0,0,0,0,0
HShr14,AGAGATTATTACACGAAACTCAAGCACATGTAGATGATGCCCATCATGCTCATCATGTAGCCGATGCCCATCATGCTCATCATGTAGCCGATGCCCATCATGCTCATCATGTAGCCGATGCCCATCATGCTCATCATGTAGCCGATGCCCATCATGCTCATCATGCAGCCGATGCCCATCATGCTCATCATGCAGCCGATGCCCATCACGCTCATCATGCAGCCGATGCCCATCATGCTCACCATGCAGCTGATGCTCATCATGCTCATCATGCAGCCGATGCCCATCATGCTCATCATGCAGCCGATGCCCATCATGCTCATCATGCAGCTGATGCTCATCATGCTCATCATGCAGCCGATGCCCATCATGCTCATCATGCAGCCGATGCCCATCATGCTCATCATGCAGCTGATGCCCATCATGCTCATCATGCAGCCGATGCCCATCATGCTCATCATGCAGCTTATGCCCATCATGCTCATCATGCATCCGATGCTCATCATGCAGCTGATGCTCACCATGCAGTTCATGCCCATCATGCTCATCATGCAGCTGATGCTCACCATGCAGCTGATGCTCACCATGCAGCCGATGCTCATCACGCTCATCATGCAGCCGATGCTCACCATGCAACTGATGCTCATCATGCAACTGATGCTCATCATGCAGCCGATGCTCATCATGCAGCTGATGCTCATCATGCAGCCGATGCTCACCATGCAACCGATGCTCATCACGCTCACCATGCAGCCGATGCTCATCATGCAGCCGCACACCATGCAACTGATGCTCACCATGCAGCCGCACACCATGCAACCGA,RLLHETQAHVDDAHHAHHVADAHHAHHVADAHHAHHVADAHHAHHVADAHHAHHAADAHHAHHAADAHHAHHAADAHHAHHAADAHHAHHAADAHHAHHAADAHHAHHAADAHHAHHAADAHHAHHAADAHHAHHAADAHHAHHAADAHHAHHAAYAHHAHHASDAHHAADAHHAVHAHHAHHAADAHHAADAHHAADAHHAHHAADAHHATDAHHATDAHHAADAHHAADAHHAADAHHATDAHHAHHAADAHHAAAHHATDAHHAAAHHAT,9,9,9,3,9,6,6,6,3,11,0,0,6,0,0,0,0,0,5,0,0,0,0,0
HShr146,GAGATTATTACACGAAACTCAAGCACATGTAGATGATGCCCATCATGCTCATCATGTAGCCGATGCCCATCATGCTCATCATGTAGCCGATGCCCATCATGCTCATCATGTAGCCGATGCCCATCATGCTCATCATGCAGCCGATGCCCATCATGCTCATCATGCAGCCGATGCCCATCACGCTCATCATGCAGCCGATGCCCATCATGCTCACCATGCAGCTGATGCTCATCACGCTCATCATGCAGCCGATGCCCATCATGCTCATCATGCAGCCGATGCCCATCATGCTCACCATGCAGCTGATGCTCATCACGCTCATCATGCAGCCGATGCCCATCATGCTCATCATGCAGCCGATGCCCATCATGCTCACCATGCAGCTGATGCCCATCACGCTCATCATGCAGCCGATGCCCATCATGCTCATCATGCAGCCTATGCCCATCATGCTCATCATGCATCCGATGCTCATCATGCAGCTGATGCTCACCATGCAGCTTATGCCCATCACGCTCATCATGCAGCTGATGCTCATCATGCAGCCGATGCTCACCATGCAACCGATGCTCATCATGCAACCGATGCTCATCATGCAGCCGATGCTCACCATGCAGCCGATGCTCATCATGCAGCCGATGCTCACCATGCAGCCGATGCTCACCATGCAACCGATGCTCATCACGCTCACCATGCAGCCGATGCTCATCATGCAGCCGCACACCATGCAACTGATGCTCACCATGCAGCCGCACACCATGCA,RLLHETQAHVDDAHHAHHVADAHHAHHVADAHHAHHVADAHHAHHAADAHHAHHAADAHHAHHAADAHHAHHAADAHHAHHAADAHHAHHAADAHHAHHAADAHHAHHAADAHHAHHAADAHHAHHAADAHHAHHAADAHHAHHAAYAHHAHHASDAHHAADAHHAAYAHHAHHAADAHHAADAHHATDAHHATDAHHAADAHHAADAHHAADAHHAADAHHATDAHHAHHAADAHHAAAHHATDAHHAAAHHA,9,9,9,3,9,6,6,6,3,11,0,0,6,0,0,0,0,0,5,0,0,0,0,0
HShr148,ATTATTACACGAAACTCAAGCACATGTAGATGATGCCCATCATGCTCATCATGTAGCCGATGCCCATCATGCTCATCATGTAGCCGATGCCCATCATGCTCATCATGCAGCCGATGCCCATCATGCTCATCATGCAGCCGATGCCCATCATGCTCATCATGCAGCCTATGCCCATCATGCTCATCATGCAGCCGATGCTCACCATGCAACCGATGCTCATCATGCAGCCGATGCTCACCATGCAGCCGATGCTCACCATGCAGCCGATGCTCACCATGCAGCCGATGCTCATCACGCTCACCATGCAGCCGATGCTCATCACGCTCACCATGCAGCCGATGCTCATCACGCTCACCATGCAGCCGATGCTCATCACGCTCATCATGCAGCCGATGCCCATCATGCTCATCATGCAGCCGATGCCCATCATGCTCATCATGCAGCCGATGCCCATCATGCTCACCATGCAGCTGATGCTCATCACGCTCATCATGCAGCCGATGCCCATCATGCTCATCATGCAGCCTATGCCCATCATGCTCATCATGCATCCGATGCTCATCATGCAGCTGATGCTCACCATGCAGCTTATGCCCATCACGCTCATCATGCAGCTGATGCTCATCATGCAGCCGATGCTCACCATGCAACCGATGCTCATCATGCAGCCGATGCTCACCATGCAACCGATGCTCATCACGCTCACCATGAAGCCGATGCTCATCATGCAGCCGCACACCAGCA,LLHETQAHVDDAHHAHHVADAHHAHHVADAHHAHHAADAHHAHHAADAHHAHHAAYAHHAHHAADAHHATDAHHAADAHHAADAHHAADAHHAADAHHAHHAADAHHAHHAADAHHAHHAADAHHAHHAADAHHAHHAADAHHAHHAADAHHAHHAADAHHAHHAADAHHAHHAAYAHHAHHASDAHHAADAHHAAYAHHAHHAADAHHAADAHHATDAHHAADAHHATDAHHAHHEADAHHAAAHQ,9,9,9,3,9,6,6,6,3,0,0,0,6,0,0,0,0,0,5,0,0,0,0,0
HShr161,ATTATTACACGAAACTCAAGCACATGTAGATGATGCCCATCATGCTCATCATGTAGCCGATGCCCATCATGCTCATCATGTAGCCGATGCCCATCATGCTCATCATGTAGCCGATGCCCATCATGCTCATCATGCAGCCGATGCCCATCATGCTCATCATGCAGCCGATGCCCATCATGCTCATCATGCAGCCTATGCCCATCATGCTCATCATGCAGCCGATGCCCATCACGCTCATCATGCAGCCGATGCCCATCATGCTCACCATGCAGCTGATGCTCATCACGCTCATCATGCAGCCTATGCCCATCATGCTCATCATGCAGCCGATGCCCATCACGCTCATCATGCAGCCGATGCCCATCATGCTCACCATGCAGCTGATGCTCATCACGCTCATCATGCAGCCGATGCCCATCATGCTCATCATGCAGCCGATGCCCATCATGCTCACCATGCAGCTGATGCTCACCATGCAGCTGATGCTCACCATGCAGCTTATGCCCATCACGCTCATCATGCAGCCGATGCCCATCATGCTCATCATGCAGCCGATGCCCATCATGCTCATCATGCAGCCGATGCCCATCATGCTCATCATGCAACCGATGCTCATCACGCTCACCATGCAGCCGATGCTCACCATGCAACCGATGCTCATCATGCAGCCGATGCTCACCATGCAACCGATGCTCATCATGCAGCCGATGCTCACCATGCAACCGATGCTCATCATGCAGCCGATGCTCACCATGCAGCCGATGCTCACCATGCAGCCGATGCTCACCATGCAACCGATGCTCATCATGCAGCCGCACACCAGCA,LLHETQAHVDDAHHAHHVADAHHAHHVADAHHAHHVADAHHAHHAADAHHAHHAADAHHAHHAAYAHHAHHAADAHHAHHAADAHHAHHAADAHHAHHAAYAHHAHHAADAHHAHHAADAHHAHHAADAHHAHHAADAHHAHHAADAHHAHHAADAHHAADAHHAAYAHHAHHAADAHHAHHAADAHHAHHAADAHHAHHATDAHHAHHAADAHHATDAHHAADAHHATDAHHAADAHHATDAHHAADAHHAADAHHAADAHHATDAHHAAAHQ,9,9,9,3,0,6,6,6,3,0,0,0,0,9,0,0,0,0,5,0,0,0,0,0
HShr182,TGGCGTAGGCAATGTGTGGCGGCTTCGTGGTGTGCGGCTGCATGGTGAGCATCGGTTGCATGGTGTGCGGCTGCATGATGAGCATCGGTTGCATGGTGAGCATCGGCTGCATGATGAGCATGATGGGCATCGGCTACATGATGAGCATGATGGGCATCGGCTACATGATGAGCATGATGGGCATCGGCTACATGATGAGCATGATGGGCATCATCTACATGTGCTTGAGTTTCGTGTAATAATCTCTTATTTAAATTAAGTCCTTTTGCATTTTTGCTACACAAGTTATTATTAAATGCGGAA,SAFNNNLCSKNAKGLNLNKRLLHETQAHVDDAHHAHHVADAHHAHHVADAHHAHHVADAHHAHHAADAHHATDAHHAAAHHATDAHHAAAHHEAATHCLR,9,9,0,3,0,6,6,0,0,11,0,13,0,0,0,0,0,0,5,0,0,0,0,0
HShr31,ATAAGAGATTATTACACGAAACTCAAGCACATGTAGATGATGCCCATCATGCTCATCATGTAGCCGATGCCCATCATGCTCATCATGCAGCTGATGCTCACCATGCAGCTTATGCCCATCACGCTCATCATGCAGCTGATGCTCATCATGCAGCCGATGCTCACCATGCAACCGATGCTCATCATGCTCATCATGCTCACCATGCAGCCGATGCCCATCACGCTCATCATGCAGCCGATGCCCATCATGCTCACCATGCAGCTGATGCTCATCACGCTCATCATGCAGCCGATGCCCATCATGCTCATCATGCAGCCGATGCCCATCATGCTCACCATGCAGCTGATGCTCATCACGCTCATCATGCAGCCGATAGCCCATCATGCTCATCATGCAGCCTATGCCCATCATGCTCATCATGCATCCGATGCTCATCATGCATCCGATGCTCATCATGCAGCTGATGCTCACCATGCAGCTTATGCCCATCACGCTCATCATGCAGCTGATGCTCATCATGCAGCCGATGCTCACCATGCAACCGATGCTCATCATGCAGCCGATGCTCACCATGCAACCGATGCTCATCACGCTCACCATGCAGCCGATGCTCACCATGCAGCCGATGCTCATCATGCAGCCGCACACCATGCAACTGATGCTCACCATGCAGCCGCACACCATGCAACCGATGCTCACCATGCAGCCGCACACCACGAACCCGCCACACATTG,KRLLHETQAHVDDAHHAHHVADAHHAHHAADAHHAAYAHHAHHAADAHHAADAHHATDAHHAHHAHHAADAHHAHHAADAHHAHHAADAHHAHHAADAHHAHHAADAHHAHHAADAHHAHHAADSPSCSSCSLCPSCSSCIRCSSCIRCSSCS,9,9,0,3,0,6,6,6,3,0,0,0,0,0,0,0,0,0,5,0,0,0,0,0
HShr45,ATTATTACACGAAACTCAAGCACATGTAGATGATGCCCATCATGCTCATCATGTAGCCGATGCCCATCATGCTCATCATGTAGCCGATGCCCATCATGCTCATCATGTAGCCGATGCCCATCATGCTCATCATGCAGCCGATGCCCATCATGCTCATCATGCAGCCGATGCCCATCATGCTCATCATGCAGCCGATGCCCATCATGCTCATCATGCAGCCGATGCCCATCATGCTCATCATGCAGCTGATGCCCATCATGCTCATCATGCAGCCGATGCCCATCATGCTCATCATGCAGCTGATGCTCATCATGCTCATCATGCAGCTGATGCCCATCATGCTCATCATGCAGCCGATGCCCATCATGCTCATCATGCAGCTGATGCTCATCATGCTCATCATGCAGCCGATGCCCATCATGCTCATCATGCATCTGATGCTCATCATGCTGATGATGCTCATCATGCAGCTGATGCTCACCATGCAGCTGATGCCCATCATGCTCATCATGCAGCTGATGCTCATCATGCAGCTGATGCTCATCATGCAGCCGATGCTCATCATGCAGCTGATGCTCACCATGCAGTTGATGCTCACCATGCAACCGATGCTCATCACGCTCACCATGCAGCTGATGCTCATCATGCAGCCGCACACCATGCAAATGATGCTCACCATGCAACTGATGCTCACCATGCAGCCGCACACCATGCAAGGTGATGCTCACCATGCAACTGATGCTCACCATGCAGCCGCACACCATGCA,LLHETQAHVDDAHHAHHVADAHHAHHVADAHHAHHVADAHHAHHAADAHHAHHAADAHHAHHAADAHHAHHAADAHHAHHAADAHHAHHAADAHHAHHAADAHHAHHAADAHHAHHAADAHHAHHAADAHHAHHAADAHHAHHASDAHHADDAHHAADAHHAADAHHAHHAADAHHAADAHHAADAHHAADAHHAVDAHHATDAHHAHHAADAHHAAAHHANDAHHATDAHHAAAHHAR,9,9,0,3,9,6,6,0,0,0,0,0,6,0,0,0,0,0,5,0,0,0,0,0
HShr65,TGGCGTAGGCAATGTGTGGCGGCTTCGTGGTGTGCGGCTGCATGGTGAGCATCGGTTGCATGGTGTGCGGCTGCATGATGAGCATCGGTTGCATGGTGAGCATCGGCTGCATGGTGAGCATGATGGGCATCATCTACATGTGCTTGAGTTTCGTGTAATAATCTCTTATTTAAATTAAGTCCTTTTGCATTTTTGCTACACAAGTTATTATTAAATGCGGAA,SAFNNNLCSKNAKGLNLNKRLLHETQAHVDDAHHAHHAADAHHATDAHHAAAHHATDAHHAAAHHEAATHCLR,0,9,0,3,0,6,6,0,0,11,0,13,0,0,0,0,0,0,5,0,0,0,0,0
HShr71,TGGCGTAGGCAATGTGTGGCGGCTTCGTGGTGTGCGGCTGCATGGTGAGCATCGGTTGCATGGTGTGCGGCTGCATGGTGAGCATCAGTTGCATGGTGTGCGGCTGCATGATGAGCATCGGCTGCATGGTGAGCATCGGCTGCATGATGAGCATCAGCTGCATGGTGAGCATGATGGGCATCGGCNGCANGANGAGTATGGTGTAGGCAATGTGTGGCGGCTTCGTGGTGTGCGGGTGCATGGTGAGCATCGGTTGCATGGTGTGCGGCTGCATGGTGAGCATCAGTTGCATGGTGTGCGGCTGCATGATGAGCATGATGGGCATCGGCTACATGATGAGCATGATGGGCATCGGCTACATGATGAGCATGATGGGCATCGGCTACATGATGAGCATGATGGGCATCATCTACATGTGCTTGAGTTTCGTGTAATAATCTCTTATTTAAATTAAGTCCTTTTGCATTTTTGCTACGCAAGTTATTATTAAATGCGGAATACTGCCTGATGAGCATGATGGGCATCGGCTACATGATGAGCATGATGGGCATCGGCTACATGATGAGCATGATGGGCATCGGCTACATGATGAGCATGATGGGCATCATCTACATGTGCTTGAGTTTCGTGTAATAATCTCTTATTTAAATTAAGTCCTTTTGCATTTTTGCTACACAAGTTATTATTAAATGCGGAA,SAFNNNLCSKNAKGLNLNKRLLHETQAHVDDAHHAHHVADAHHAHHVADAHHAHHVADAHHAHQAVFRI,9,0,0,3,0,0,0,0,0,0,0,0,0,0,0,0,0,0,0,0,0,0,0,0
HShr77,TATTCCGCATTTAATAATAACTTGTGTAGCAAAAATGCAAAAGGACTTAATTTAAATAAGAGATTATTACACGAAACTCAAGCACATGTAGATGATGCCCATCATGCTCATCATGTAGCCGATGCCCATCATGCTCATCATGTAGCCGATGCCCATCATGCTCATCATGCAGCCGATGCCCATCATGCTCATCATGCAGCCGATGCCCATCATGCTCATCATGCAGCCTATGCCCATCATGCTCATCATGCAGCCGATGCCCATCATGCTCATCATGCAGCCGATGCTCACCATGCAGCCGCACACCACGAAGCCGCCACACATTGCCTACGCCATA,YSAFNNNLCSKNAKGLNLNKRLLHETQAHVDDAHHAHHVADAHHAHHVADAHHAHHAADAHHAHHAADAHHAHHAAYAHHAHHAADAHHAHHAADAHHAAAHHEAATHCLRH,9,9,9,3,0,0,6,6,3,0,0,13,0,0,0,0,0,0,5,0,0,0,0,0
HShr88,TATTACACGAAACTCAAGCACATGTAGATGATGCCCATCATGCTCATCATGTAGCCGATGCCCATCATGCTCATCATGCAGCCGATGCCCATCATGCTCATCATGCTCACCATGCAGCCGATGCCCATCACGCTCATCATGCAGCCGATGCCCATCATGCCCATCATGCCCATCATGCTCACCATGCAGCTGATGCTCATCATGCAGCCGATGCCCATCATGCTCATCATGCAGCCGATGCCCATCATGCTCATCATGCAGCCGATGCCCATCATGCTCATCATGCAGCCGATGCCCATCATGCTCACCATGCAGCTGATGCTCATCACGCTCATCATGCAGCCGATGCCCATCATGCTCATCATGCAGCCGATGCTCATCATGCAGCTGATGCTCACCATGCAGCTTATGCCCATCACGCTCATCATGCAGCTGATGCTCACCATGCAGCTTATGCCCATCACGCTCATCATGCAGCTGATGCTCATCATGCAGCCGATGCTCACCATGCAACCGATGCTCATCATGCAGCCGATGCTCACCATGCAACCGATGCTCATCATGCAGCCGATGCTCACCATGCAGCCGATGCTCACCATGCAGCCGATGCTCACCATGCAACCGATGCTCATCACGCTCACCATGCAGCCGATGCTCACCATGCAACCGATGCTCATCACGCTCACCATGCAGCCGATGCTCATCATGCAGCCGCACACCATGCAACTGATGCTCACCATGCAGCCGCACACCA,LHETQAHVDDAHHAHHVADAHHAHHAADAHHAHHAHHAADAHHAHHAADAHHAHHAHHAHHAADAHHAADAHHAHHAADAHHAHHAADAHHAHHAADAHHAHHAADAHHAHHAADAHHAHHAADAHHAADAHHAAYAHHAHHAADAHHAAYAHHAHHAADAHHAADAHHATDAHHAADAHHATDAHHAADAHHAADAHHAADAHHATDAHHAHHAADAHHATDAHHAHHAADAHHAAAHHATDAHHAAAH,9,9,0,3,0,6,6,6,3,11,0,0,0,0,0,0,0,0,5,0,0,0,0,0
HShr96,TATTACACGAAACTCAAGCACATGTAGATGATGCCCATCATGCTCATCATGTAGCCGATGCCCATCATGCTCATCATGTAGCCGATGCCCATCATGCTCATCATGTAGCCGATGCCCATCATGCTCATCATGTAGCCGATGCCCATCATGCTCATCATGCAGCCGATGCCCATCATGCTCATCATGCAGCCTATGCCCATCATGCTCATCATGCAGCCGATGCCCATCATGCTCATCATGCTCACCATGCAGCCGATGCCCATCACGCTCATCATGCAGCCGATGCCCATCATGCTCACCATGCAGCTGATGCTCATCACGCTCATCATGCAGCCGATGCCCATCATGCTCATCATGCAGCCGATGCCCATCATGCTCACCATGCAGCTGATGCTCACCATGCAGCTTATGCCCATCACGCTCATCATGCAGCTGATGCTCATCATGCAGCTGATGCTCATCATGCAGCCGATGCTCACCATGCAACCGATGCTCATCACGCTCACCATGCAGCCGATGCTCATCACGCTCACCATGCAGCCGATGCTCACCATGCAACCGATGCTCATCATGCAGCCGATGCTCATCATGCAGCCGATGCTCATCATGCAGCCGATGCTCACCATGCAGCCGATGCTCACCATGCAGCCGATGCTCACCATGCAACCGATGCTCATCACGCTCACCATGCAGCCGATGCTCATCATGCAGCCGCACACCATGCA,LHETQAHVDDAHHAHHVADAHHAHHVADAHHAHHVADAHHAHHVADAHHAHHAADAHHAHHAAYAHHAHHAADAHHAHHAHHAADAHHAHHAADAHHAHHAADAHHAHHAADAHHAHHAADAHHAHHAADAHHAAYAHHAHHAADAHHAADAHHAADAHHATDAHHAHHAADAHHAHHAADAHHATDAHHAADAHHAADAHHAADAHHAADAHHAADAHHATDAHHAHHAADAHHAAAHHA,9,9,9,3,0,6,6,6,3,0,0,0,0,0,0,0,0,0,5,0,0,0,0,0
LAss15,TGGCGTAGGCAATGTGTGGCGGCTTCGTGGTGTGCGGCTGCATGATGAGCATGATGGGCATCGGCTGCATGATGAGCATGATGGGCATCGGCTACATGATGAGCATGATGGGCATCGGCTACATGATGAGCATGATGGGCATCGGCTACATGATGAGCATGATGGGCATCATCTACATGTGCTTGAGTTTCGTGTAATAATCTCTTATTTAAATTAAGTCCTTTTGCATTTTTGCTACACAAGTTATTATTAAATGCGGAA,SAFNNNLCSKNAKGLNLNKRLLHETQAHVDDAHHAHHVADAHHAHHVADAHHAHHVADAHHAHHAADAHHAHHAAAHHEAATHCLR,9,9,0,3,0,0,6,0,0,0,0,13,0,0,0,0,0,0,5,0,0,0,0,0
LKum12,TGGCGTAGGCAATGTGTGGCGGCTTCGTGGTGTGCGGCTGCATGGTGAGCATCGGTTGCATGGTGTGCGGCTGCATGATGAGCATCGGTTGCATGGTGAGCATCGGCTGCATGGTGAGCATCGGCTGCATGGTGAGCATGATGGGCATCGGCTGCATGATGAGCGTGATGGGCATCGGCTGCATGATGAGCATGATGGGCATAGGCTGCATGATGAGCATGATGGGCATCGGCTGCATGATGAGCATGATGGGCATCGGCTGCATGTGCTTGAGTTTCGTGTAATAATCTCTTATTTAAATTAAGTCCTTTTGCATTTTTGCTACACAAGTTATTATTAAATGCGGAA,SAFNNNLCSKNAKGLNLNKRLLHETQAHAADAHHAHHAADAHHAHHAAYAHHAHHAADAHHAHHAADAHHAHHAADAHHAADAHHATDAHHAAAHHATDAHHAAAHHEAATHCLR,0,9,9,3,0,6,6,6,3,11,0,13,0,0,0,0,0,0,5,0,0,0,0,0
LKum17,AATTTAAATAAGAGATTATTACACGAAACTCAAGCACATGTAGATGATGCCCATCATGCTCATCATGTAGCCGATGCCCATCACGCTCATCATGTAGCCGATGCCCATCATGCTCATCATGCAGCCGATGCCCATCATGCTCATCATGCGGCCGATGCCCATCATGCTCATCATGCAGCCGATGCCCATCATGCTCATCATGCAGCCGATGCCCATCATGCTCATCATGCAGCTGATGCTCATCATGCAGCCGATGCTCACCATGCAGCCGATGCTCACCATGCAGCCGATGCTCACCATGCAGCCGATGCTCATCACGCTCATTATGCAGCCGATGCCCATCATGCTCATCATGCAGCCGATGCCCATCATGCTCATCATGCAGCCGATGCCCATCATGCTCACCATGCAGCTGATGCTCATCACGCTCATCATGCAGCCGATGCCCATCATGCTCACCATGCAGCTGATGCTCATCACGCTCATCATGCAGCCGATGCCCATCATGCTCATCATGCAGCCTATGCCCATCATGCTCATCATGCATCCGATGCTCATCATGCAGCTGATGCTCACCATGCAGCTTATGCCCATCACGCTCATCATGCAGCTGATGCTCATCATGCAGCCGATGCTCACCATGCAACCGATGCTCATCATGCAGCCGATGCTCACCATGCAACCGATGCTCATCACGCTCACCATGCAGCCGATGCTCATCATGCAGCCGCACACCATGCAA,NLNKRLLHETQAHVDDAHHAHHVADAHHAHHVADAHHAHHAADAHHAHHAADAHHAHHAADAHHAHHAADAHHAHHAADAHHAADAHHAADAHHAADAHHAADAHHAHYAADAHHAHHAADAHHAHHAADAHHAHHAADAHHAHHAADAHHAHHAADAHHAHHAADAHHAHHAAYAHHAHHASDAHHAADAHHAAYAHHAHHAADAHHAADAHHATDAHHAADAHHATDAHHAHHAADAHHAAAHHA,9,9,9,3,9,6,6,6,3,0,0,0,6,0,0,0,0,0,5,0,0,0,0,0
LShr3,TTCCGCATTTAATAATAACTTGTGTAGCAAAAATGCAAAAGGACTTAATTTAAATAAGAGATTATTACACGAAACTCAAGCACATGTAGATGATGCCCATCATGCTCATCATGTAGCCGATGCCCATCATGCTCATCATGTAGCCGATGCCCATCATGCTCATCATGTAGCCGATGCCCATCATGCTCATCATGCAGCCGCACACCATGCAACCGATGCTCACCTTGCAGCCGCACACCACGAAGCCGCCACACATTGCCTACGCCA,SAFNNNLCSKNAKGLNLNKRLLHETQAHVDDAHHAHHVADAHHAHHVADAHHAHHVADAHHAHHAAAHHATDAHLAAAHHEAATHCLR,9,0,0,3,0,6,0,0,0,11,0,0,0,0,0,0,0,0,5,0,0,0,0,0
LShr5,TATTACACGAAACTCAAGCACATGTAGATGATGCCCATCATGCTCATTATGTAGCCGATGCCCATCATGCTCATCATGTAGCCGATGCCCATCATGCTCATCATGCAGCCGATGCCCATCATGCTCATCATGCTGCCGATGCCCATCATGCTCATCATGCAGCCTATGCCCATCATGCTCATCATGCAGCCGATGCTCACCATGCAACCGATGCTCATCATGCAGCCGATGCTCACCATGCAGCCGATGCTCACCATGCAACCGATGCTCATCACGCTCACCATGCAGCCGATGCTCATCACGCTCATCATGCAGCCGATGCCCATCATGCTCATCATGCAGCCGATGCCCATCATGCTCATCATGCAGCCGATGCCCATCATGCTCACCATGCAGCCGATGCTCATCACGCTCATCATGCAGCCGATGCCCATCATGCTCATCATGCAGCCGATGCCCATCATGCTCATCATGCAGCCTATGCCCATCATGCTCATCATGCATCCGATGCTCATCATGCAGCTGATGCTCACCATGCAGCTTATGCCCATCACGCTCATCATGCAGCTGATGCTCATCATGCAGCCGATGCTCATCATGCAGCCGATGCTCACCATGCAACCGATGCTCATCACGCTCACCATGCAGCCGATGCTCACCATGCAACCGATGCTCATCATGCAGCCGATGCTCACCATGCAGCCGATGCTCACCATGCAGCCGATGCTCACCATGCAACCGATGCTCATCACGCTCACCATGCAACCGATGCTCATCACGCTCACCATGCAGCCGATGCTCATCATGCAGCCGCACACCATGCAACTGATGCTCACCATGCAGCCGCACACCA,LHETQAHVDDAHHAHYVADAHHAHHVADAHHAHHAADAHHAHHAADAHHAHHAAYAHHAHHAADAHHATDAHHAADAHHAADAHHATDAHHAHHAADAHHAHHAADAHHAHHAADAHHAHHAADAHHAHHAADAHHAHHAADAHHAHHAADAHHAHHAAYAHHAHHASDAHHAADAHHAAYAHHAHHAADAHHAADAHHAADAHHATDAHHAHHAADAHHATDAHHAADAHHAADAHHAADAHHATDAHHAHHATDAHHAHHAADAHHAAAHHATDAHHAAAH,9,9,9,3,9,6,6,6,3,11,0,0,6,9,0,0,0,0,5,0,0,0,0,0
HBab18,CATCGGTTGCATGGTGAGCATCGGCTGCATGGTGAGCATCGGCTGCATGATGAGCATCGGCTGCATGGTGAGCATCGGTTGCATGATGAGCATCGGTTGCATGGTGAGCATCGGCTGCATGGTGAGCGTGATGAGCATCGGTTGCATGGTGAGCATCGGCTGCATGATGAGCATCAGCTGCATGATGAGCGTGATGGGCATAAGCTGCATGGTGAGCATCAGCTGCATGGTGAGCATGATGGGCATCGGCCGCATGATGAGCATGATGAGCATCAGCTGCATGGTGAGCATGATGGGCATCGGCTGCATGATGAGCATGATGGGCATAGGCTGCATGATGAGCATGATGGGCATCGGCTGCATGATGAGCATGATGGGCATCGGCTGCATGATGAGCATGATGGGCATCGGCTACATGATGAGCATGATGGGCATCGGCTACATGATGAGCATGATGGGCATCGGCTACATGATGAGCATGATGGGCATCATCTACATGTGCTTGAGTTTCGTGTAATAATCTCTTATTTAAATTAAGTCCTTTTGCATTTTTGCTACACAAGTTATTATTAA,NNNLCSKNAKGLNLNKRLLHETQAHVDDAHHAHHVADAHHAHHVADAHHAHHVADAHHAHHAADAHHAHHAADAHHAHHAAYAHHAHHAADAHHAHHAADAHHAHHAADAHHAHHAADAHHAAYAHHAHHAADAHHAADAHHATDAHHAHHAADAHHATDAHHATDAHHAADAHHAADAHHAADAHHATD,9,9,9,3,0,6,6,6,3,0,0,0,0,0,0,0,0,0,5,0,0,0,0,0
HBab23,ATAAGAGATTATTACACGAAACTCAAGCACATGTAGATGATGCCCATCATGCTCATCATGTAGCCGATGCCCATCATGCTCATCATGCTCACCATGCAGCCGATGCCCATCACGCTCATCATGCAGCCGATGCTCATCATGCTCACCATGCAGCCGATGCCCATCAYGCTCATCATGCAGCCGATGCCCATCATGCTCACCATGCAGCTGATGCTCATCACGCTCATCATGCAGCCGATGCCCATCATGCTCATCATGCAGCCGATGCCCATCATGCTCAYCATGCAGCTGATGCTCATCAYGCTCATCATGCAGCCGATGCCCATCATGCTCATCATGCAGCCCATGCCCATCATGCTCATCATGCATCYGATGCTCATCATGCAGCTGATGCTCACCATGCAGCTTATGCCCATCAYGCTCATCATGCAGCTGATGCTCATCATGCAGCTGATGCTCACCATGCAGMTBATGCCCATCAYGCTCATCATGCAGCTGATGCTCATCATGCAGCCGATGCTCACCATGCACCCSATGCTCATCATGCAGCYGATGCTCAYCATGCAAYCGATGCTCATCATGYAGYYGATGCTCACCATGCAACYGATGCTCATCWWGCAGCCGATGCTCACCATGCWGCYGATGCTCACCATGCAGCYGATGCTCATCACGCTCACCATGCAGCCGATGCTCATCATGCAGCCGCACACCATGCAAMTGATGCTCACCATGCAGCCGCACACCATGCAACCGATG,KRLLHETQAHVDDAHHAHHVADAHHAHHAHHAADAHHAHHAADAHHAHHAADAHXAHHAADAHHAHHAADAHHAHHAADAHHAHHAADAHHAXHAADAHXAHHAADAHHAHHAAHAHHAHHAXDAHHAADAHHAAYAHXAHHAADAHHAADAHHAXXAHXAHHAADAHHAADAHHAPXAHHAXDAXHAXDAHHXXDAHHAXDAHXAADAHHXXDAHHAXDAHHAHHAADAHHAAAHHAXDAHHAAAHHATD,9,9,0,3,0,6,6,6,3,11,0,0,0,0,0,0,0,0,5,0,0,0,0,0
HBab24,ATAAGAGATTATTACACGAAACTCAAGCACATGTAGATGATGCCCATCATGCTCATCATGTAGCCGATGCCCATCATGCTCATCATGCTCACCATGCAGCCGATGCCCATCACGCTCATCATGCAGCCGATGCTCATCATGCTCACCATGCAGCCGATGCCCATCACGCTCATCATGCAGCCGATGCCCATCATGCTCACCATGCAGCTGATGCTCATCACGCTCATCATGCAGCCGATGCCCATCATGCTCATCATGCAGCCGATGCCCATCATGCTCACCATGCAGCTGATGCTCATCAYGCTCATCATGCAGCCGATGCCCATCATGCTCATCATGCAGCCTATGCCCATCATGCTCATCATGCATCCGATGCTCATCATGCAGCTGATGCTCACCATGCAGCTTATGCCCATCAYGCTCATCATGCAGCTGATGCTCATCATGCAGCTGATGCTCACCATGCAGCTTATGCCCATCACGCTCATCATGCAGCTGATGCTCATCATGCAGCCGATGCTCACCATGCACCCGATGCTCATCATGCAGCCGATGCTCAYCATGCAACCGATGCTCATCATGYAGCYGATGCTCACCATGCAACYGATGCTCATCWWGCAGCCGATGCTCACCATGCAGCYGATGCTCACCATGCAGCCGATGCTCATCACGCTCACCATGCAGCCGATGCTCATCATGCAGCCGCACACCATGCAAMTGATGCTCACCATGCAGCCGCACACCATGCAACCGATG,KRLLHETQAHVDDAHHAHHVADAHHAHHAHHAADAHHAHHAADAHHAHHAADAHHAHHAADAHHAHHAADAHHAHHAADAHHAHHAADAHHAHHAADAHXAHHAADAHHAHHAAYAHHAHHASDAHHAADAHHAAYAHXAHHAADAHHAADAHHAAYAHHAHHAADAHHAADAHHAPDAHHAADAXHATDAHHXXDAHHAXDAHXAADAHHAXDAHHAADAHHAHHAADAHHAAAHHAXDAHHAAAHHATD,9,9,9,3,9,6,6,6,3,11,0,0,6,0,0,0,0,0,5,0,0,0,0,0
HBab25,AATAAGAGATTATTACACGAAACTCAAGCACATGTAGATGATGCCCATCATGCTCATCATGTAGCCGATGCCCATCATGCTCATCATGCTCACCATGCAGCCGATGCCCATCACGCTCATCATGCAGCCGATGCTCATCATGCTCACCATGCAGCCGATGCCCATCACGCTCATCATGCAGCCGATGCCCATCATGCTCACCATGCAGCTGATGCTCATCACGCTCATCATGCAGCCGATGCCCATCATGCTCATCATGCAGCCGATGCCCATCATGCTCACCATGCAGCTGATGCTCATCACGCTCATCATGCAGCCGATGCCCATCATGCTCATCATGCAGCCYATGCCCATCATGCTCATCATGCATCCGATGCTCATCATGCAGMTGATGCTCACCATGCAGMTBATGCCCATCACGCTCATCATGCAGCTGATGCTCATCATGCAGCTGATGCTCACCATGCAGCTTATGCCCATCAYGCTCATCATGCAGCTGATGCTCTTCATGCAGCCGATGCTCACCATGCAMCCGATGCTCATCATGCAGCYGATGCTCAYCATGCAACCGATGCTCATCATGYAGCYGATGCTCACCATGCAACYGATGCTCATCWTGCAGCCGATGCTCACCATGCAGCYGATGCTCACCATGCAGCCGATGCTCATCACGCTCACCATGCAGCCGATGCTCATCATGCAGCCGCACACCATGCAACTGATGCTCACCATGCAGCCGCACACCATGCAACCGATG,NKRLLHETQAHVDDAHHAHHVADAHHAHHAHHAADAHHAHHAADAHHAHHAADAHHAHHAADAHHAHHAADAHHAHHAADAHHAHHAADAHHAHHAADAHHAHHAADAHHAHHAAXAHHAHHASDAHHAXDAHHAXXAHHAHHAADAHHAADAHHAAYAHXAHHAADALHAADAHHAXDAHHAXDAXHATDAHHXXDAHHAXDAHXAADAHHAXDAHHAADAHHAHHAADAHHAAAHHATDAHHAAAHHATD,9,9,0,3,9,6,6,6,3,11,0,0,6,0,0,0,0,0,5,0,0,0,0,0
HBab47,AATAAGAGATTATTACACGAAACTCAAGCACATGTAGATGATGCCCATCATGCTCATCATGTAGCCGATGCCCATCATGCTCATCATGTAGCCGATGCCCATCATGCTCATCATGTAGCCGATGCCCATCATGCTCATCATGCAGCCGATGCCCATCATGCTCATCATGCAGCCGATGCCCATCATGCTCATCATGTAGCCGATGCCCATCATGCTCATCATGCAGCCGATGCCCATCATGCTCATCATGCAGCCGATGCCCATCATGCTCATCATGCAGCCGATGCCCATCATGCTCATCATGCAGCCGATGCCCATCATGCTCATCATGCAGMTGATGCTCATCATGCTCATCATGCAGCCGATGCCCATCATGCTCATCATGCAGCCTATGCCCATCATGCTCATCATGCATCCGATGCTCATCATGCWGATGATGCTCACCATGCAGCTTATGCCCATCAYGCTCATCATGCAGCTGATGCTCATCATGCAGCCCATGCTCACCATGCAACYGATGCTCATCATGCAGCYGATGCTCAYCATGCAGCYGATGCTCACCATGCAGCYGATGCTCACCATGCAACCGATGCTCATCACGCTCACCATGCAGCCGATGCTCATCATGCAGCCGCACACCATGCAACTGATG,NKRLLHETQAHVDDAHHAHHVADAHHAHHVADAHHAHHVADAHHAHHAADAHHAHHAADAHHAHHVADAHHAHHAADAHHAHHAADAHHAHHAADAHHAHHAADAHHAHHAXDAHHAHHAADAHHAHHAAYAHHAHHASDAHHXDDAHHAAYAHXAHHAADAHHAAHAHHAXDAHHAXDAXHAXDAHHAXDAHHATDAHHAHHAADAHHAAAHHATD,9,9,9,3,9,6,6,6,3,11,0,0,6,0,0,0,0,0,5,0,0,0,0,0
HBab48,TAAGAGATTATTACACGAAACTCAAGCACATGTAGATGATGCCCATCATGCTCATCATGTAGCCGATGCCCATCATGCTCATCATGTAGCCGATGCCCATCATGCTCATCATGTAGCCGATGCCCATCATGCTCATCATGCAGCCGATGCCCATCATGCTCATCATGCAGCCGATGCCCATCATGCTCATCATGTAGCCGATGCCCATCATGCTCATCATGCAGCCGATGCCCATCATGCTCATCATGCAGCCGATGCCCATCATGCTCATCATGCAGCCGATGCCCATCATGCTCATCATGCAGCCGATGCCCATCATGCTCATCATGCAGCTGATGCTCATCAYGCTCATCATGCAGCCGATGCCCATCATGCTCATCATGCAGCCTATGCCCATCATGCTCATCATGCWCCCGATGCTCATCATGCAGMTGATGCTCACCATGCAGCTTATGCCCATCAYGYTCATCATGCAGCTGATGCTCATCATGCAGCYGATGCTCACCATGCAACYGATGCTCATCATGCAGCYGATGCTCAYCATGCAGCYGATGCTCACCATGCAGCYGATGCTCACCATGCAACCGATGCTCATCACGCTCACCATGCAGCCGATGCTCATCATGCAGCCGCACACCATGCAACTGATG,KRLLHETQAHVDDAHHAHHVADAHHAHHVADAHHAHHVADAHHAHHAADAHHAHHAADAHHAHHVADAHHAHHAADAHHAHHAADAHHAHHAADAHHAHHAADAHHAHHAADAHXAHHAADAHHAHHAAYAHHAHHXPDAHHAXDAHHAAYAHXXHHAADAHHAXDAHHAXDAHHAXDAXHAXDAHHAXDAHHATDAHHAHHAADAHHAAAHHATD,9,9,9,3,0,6,6,6,3,11,0,0,0,0,0,0,0,0,5,0,0,0,0,0
HBab49,ATAAGAGATTATTACACGAAACTCAAGCACATGTAGATGATGCCCATCATGCTCATCATGTAGCCGATGCCCATCATGCTCATCATGTAGCCGATGCCCATCATGCTCATCATGTAGCCGATGCCCATCATGCTCATCATGCAGCCGATGCCCATCATGCTCATCATGCAGCCGATGCCCATCATGCTCATCATGTAGCCGATGCCCATCATGCTCATCATGCAGCCGATGCCCATCATGCTCATCATGCAGCCGATGCCCATCATGCTCATCATGCAGCCGATGCCCATCATGCTCATCATGCAGCCGATGCCCATCATGCTCATCATGCAGCTGATGCTCATCATGCTCATCATGCAGCCGATGCCCATCATGCTCATCATGCAGCCCATGCCCATCATGCTCATCATGCABCCGATGCTCATCATGCANMTGATGCTCACCATGCAGCTTATGCCCATCATGCTCATCATGCAGCTGATGCTCATCATGCAGCCGATGCTCACCATGCAACYGATGCTCATCATGCAGCCGATGCTCACCATGCAGCCGATGCTCACCATGCAGCYGATGCTCACCATGCAACCGATGCTCATCACGCTCACCATGCAGCCGATGCTCATCATGCAGCCGCACACCATGCAACTGATG,KRLLHETQAHVDDAHHAHHVADAHHAHHVADAHHAHHVADAHHAHHAADAHHAHHAADAHHAHHVADAHHAHHAADAHHAHHAADAHHAHHAADAHHAHHAADAHHAHHAADAHHAHHAADAHHAHHAAHAHHAHHAXDAHHAXDAHHAAYAHHAHHAADAHHAADAHHAXDAHHAADAHHAADAHHAXDAHHATDAHHAHHAADAHHAAAHHATD,9,9,0,3,0,6,6,6,3,11,0,0,0,0,0,0,0,0,5,0,0,0,0,0
HBab50,AGAGATTATTACACGAAACTCAAGCACATGTAGATGATGCCCATCATGCTCATCATGTAGCCGATGCCCATCATGCTCATCATGTAGCCGATGCCCATCATGCTCATCATGTAGCCGATGCCCATCATGCTCATCATGCAGCCGATGCCCATCATGCTCATCATGCAGCCGATGCCCATCATGCTCATCATGTAGCCGATGCCCATCATGCTCATCATGCAGCCGATGCCCATCATGCTCATCATGCAGCCGATGCCCATCATGCTCATCATGCAGCCGATGCCCATCATGCTCATCATGCAGCCGATGCCCATCATGCTCATCATGCAGCTGATGCTCATCAYGCTCATCATGCAGCCGATGCCCATCATGCTCATCATGCAGCCTATGCCCATCATGCTCATCATGCATCCGATGCTCATCATGCWGCTGATGCTCACCATGCAGCTYATGCCCATCAYGCTCATCATGCAGCTGATGCTCATCATGCAGCCGATGCTCACCATGCAACYGATGCTCATCATGCAGCCGATGCTCAYCATGCAGCYGATGCTCACCATGCAGCYGATGCTCACCATGCAACCGATGCTCATCACGCTCACCATGCAGCCGATGCTCATCATGCAGCCGCACACCATGCAACTGATG,RLLHETQAHVDDAHHAHHVADAHHAHHVADAHHAHHVADAHHAHHAADAHHAHHAADAHHAHHVADAHHAHHAADAHHAHHAADAHHAHHAADAHHAHHAADAHHAHHAADAHXAHHAADAHHAHHAAYAHHAHHASDAHHXADAHHAAXAHXAHHAADAHHAADAHHAXDAHHAADAXHAXDAHHAXDAHHATDAHHAHHAADAHHAAAHHATD,9,9,9,3,9,6,6,6,3,11,0,0,6,0,0,0,0,0,5,0,0,0,0,0
HBab64,AGAGATTATTACACGAAACTCAAGCACATGTAGATGATGCCCATCATGCTCATCATGTAGCCGATGCCCATCACGCTCATCATGTAGCCGATGCCCATCATGCTCATCATGCAGCCGATGCCCATCATGCTCATCATGCAGCCGATGCCCATCATGCTCATCATGCAGCCGATGCCCATCATGCTCATCATGCAGCCGATGCCCATCATGCTCATCATGCAGCCGATGCTCACCATGCAACCGATGCTCATCATGCAGCCGATGCTCACCATGCAGCCGATGCTCATCATGCAGCCGATGCTCACCATGCAGCCGATGCTCACCATGCAGCCGATGCTCACCATGCAGCCGATGCTCATCACGCTCATCATGCAGCCGATGCCCATCATGCTCATCATGCAGCCGATGCCCATCATGCTCATCATGCAGCCGATGCCCATCATGCTCACCATGCAGCTGATGCTCATCACGCTCATCATGCAGCCGATGCCCATCATGCTCATCATGCAGCCTATGCCCATCATGCTCATCATGCATCCGATGCTCATCATGCAGCTGATGCTCACCATGCAGCTTATGCCCATCACGCTCATCATGCAGCTGATGCTCATCATGCAGCCGATGCTCACCATGCAACCGATGCTCATCATGCAGCCGATGCTCACCATGCAACCGATGCTCATCACGCTCACCATGCAGCCGATGCTCATCATGCAGCCGCACACCATGCAACTGATG,RLLHETQAHVDDAHHAHHVADAHHAHHVADAHHAHHAADAHHAHHAADAHHAHHAADAHHAHHAADAHHAHHAADAHHATDAHHAADAHHAADAHHAADAHHAADAHHAADAHHAADAHHAHHAADAHHAHHAADAHHAHHAADAHHAHHAADAHHAHHAADAHHAHHAAYAHHAHHASDAHHAADAHHAAYAHHAHHAADAHHAADAHHATDAHHAADAHHATDAHHAHHAADAHHAAAHHATD,9,9,9,3,9,6,6,6,3,11,0,0,6,0,0,0,0,0,5,0,0,0,0,0
HBab66,ATAAGAGATTATTACACGAAACTCAAGCACATGTAGATGATGCCCATCATGCTCATCATGTAGCCGATGCCCATCACGCTCATCATGTAGCCGATGCCCATCATGCTCATCATGCAGCCGATGCCCATCATGCTCATCATGCAGCCGATGCCCATCATGCTCATCATGCAGCCGATGCCCATCATGCTCATCATGCAGCCGATGCCCATCATGCTCATCATGCAGCCGATGCTCACCATGCAACCGATGCTCATCATGCAGCCGATGCTCACCATGCAGCCGATGCTCATCATGCAGCCGATGCTCACCATGCAGCCGATGCTCACCATGCAGCCGATGCTCACCATGCAGCCGATGCTCATCATGCTCATCATGCAGCCGATGCCCATCATGCTCATCATGCAGCCGATGCCCATCATGCTCATCATGCAGCCGATGCCCATCATGCTCACCATGCAGCTGATGCTCATCACGCTCATCATGCAGCCGATGCCCATCATGCTCATCATGCAGCCTATGCCCATCATGCTCATCATGCATCCGATGCTCATCATGCAGCTGATGCTCACCATGCAGCTTATGCCCATCACGCTCATCATGCAGCTGATGCTCATCATGCAGCCGATGCTCACCATGCAACCGATGCTCATCATGCAGCCGATGCTCACCATGCAACCGATGCTCATCACGCTCACCATGCAGCCGATGCTCATCATGCAGCCGCACACCATGCAACTGATGCT,KRLLHETQAHVDDAHHAHHVADAHHAHHVADAHHAHHAADAHHAHHAADAHHAHHAADAHHAHHAADAHHAHHAADAHHATDAHHAADAHHAADAHHAADAHHAADAHHAADAHHAADAHHAHHAADAHHAHHAADAHHAHHAADAHHAHHAADAHHAHHAADAHHAHHAAYAHHAHHASDAHHAADAHHAAYAHHAHHAADAHHAADAHHATDAHHAADAHHATDAHHAHHAADAHHAAAHHATDA,9,9,9,3,9,6,6,6,3,11,0,0,6,0,0,0,0,0,5,0,0,0,0,0
HBab68,AATAAGAGATTATTACACGAAACTCAAGCACATGTAGATGATGCCCATCATGCTCATCATGTAGCCGATGCCCATCACGCTCATCATGTAGCCGATGCCCATCATGCTCATCATGCAGCCGATGCCCATCATGCTCATCATGCAGCCGATGCCCATCATGCTCATCATGCAGCCGATGCCCATCATGCTCATCATGCAGCCGATGCCCATCATGCTCATCATGCAGCCGATGCTCACCATGCAACCGATGCTCATCATGCAGCCGATGCTCACCATGCAGCCGATGCTCATCATGCAGCCGATGCTCACCATGCAGCCGATGCTCACCATGCAGCCGATGCTCACCATGCAGCCGATGCTCATCACGCTCATCATGCAGCCGATGCCCATCATGCTCATCATGCAGCCGATGCCCATCATGCTCATCATGCAGCCGATGCCCATCATGCTCACCATGCAGCTGATGCTCATCACGCTCATCATGCAGCCGATGCCCATCATGCTCATCATGCAGCCTATGCCCATCATGCTCATCATGCATCCGATGCTCATCATGCAGCTGATGCTCACCATGCAGCTTATGCCCATCACGCTCATCATGCAGCTGATGCTCATCATGCAGCCGATGCTCACCATGCAACCGATGCTCATCATGCAGCCGATGCTCACCATGCAACCGATGCTCATCACGCTCACCATGCAGCCGATGCTCATCATGCAGCCGCACACCATGCAACTGAT,NKRLLHETQAHVDDAHHAHHVADAHHAHHVADAHHAHHAADAHHAHHAADAHHAHHAADAHHAHHAADAHHAHHAADAHHATDAHHAADAHHAADAHHAADAHHAADAHHAADAHHAADAHHAHHAADAHHAHHAADAHHAHHAADAHHAHHAADAHHAHHAADAHHAHHAAYAHHAHHASDAHHAADAHHAAYAHHAHHAADAHHAADAHHATDAHHAADAHHATDAHHAHHAADAHHAAAHHATD,9,9,9,3,9,6,6,6,3,11,0,0,6,0,0,0,0,0,5,0,0,0,0,0
HBab92,AGAGATTATTACACGAAACTCAAGCACATGTAGATGATGCCCATCATGCTCATCATGTAGCCGATGCCCATCACGCTCATCATGTAGCCGATGCCCATCATGCTCATCATGCAGCCGATGCCCATCATGCTCATCATGCAGCCGATGCCCATCATGCTCATCATGCAGCCGATGCCCATCATGCTCATCATGCAGCCGATGCCCATCATGCTCATCATGCAGCCGATGCTCACCATGCAACCGATGCTCATCATGCAGCCGATGCTCACCATGCAGCCGATGCTCATCATGCAGCYGATGCTCAYCATGCASCYSATGCTCACCATGCAGMYGATGCTCAYCATGCAGCCGATGCTCATCATGCTCATCATGCAGCCGATGCCCATCATGCTCATCATGCAGCCGATGCCCATCATGCTCATCATGCAGCCGATGCCCATCATGCTCATCATGCAGCTGATGCTCATCACGCTCATCATGCAGCCGATGCCCATCATGCTCATCATGCAGCCBATGCCCATCATGCTCATCATGCATCCGATGCTCATCATGCAGMTGATGCTCACCATGCAGCTTATGCCCATCACGCTCATCATGCAGCTGATGCTCATCATGCAGCCGATGCTCACCATGCAACCGATGCTCATCATGCAGCCGATGCTCACCATGCAACCGATGCTCATCACGCTCACCATGCAGCCGATGCTCATCATGCAGCCGCACACCATGCAACTGATG,RLLHETQAHVDDAHHAHHVADAHHAHHVADAHHAHHAADAHHAHHAADAHHAHHAADAHHAHHAADAHHAHHAADAHHATDAHHAADAHHAADAHHAXDAXHAXXAHHAXDAXHAADAHHAHHAADAHHAHHAADAHHAHHAADAHHAHHAADAHHAHHAADAHHAHHAAXAHHAHHASDAHHAXDAHHAAYAHHAHHAADAHHAADAHHATDAHHAADAHHATDAHHAHHAADAHHAAAHHATD,9,9,0,3,9,6,6,6,3,11,0,0,6,0,0,0,0,0,5,0,0,0,0,0
HAss51,AAGAGATTATTACACGAAACTCAAGCACATGTAGATGATGCCCATCATGCTCATCATGTAGCCGATGCCCATCATGCTCATCATGCAGCCGATGCCCATCATGCTCATCATGCTCACCATGCAGCCGATGCCCATCACGCTCATCATGCAGCCGATGCCCATCATGCCCATCATGCTCACCATGCAGCTGATGCTCATCATGCAGCCGATGCCCATCATGCTCATCATGCAGCCGATGCCCATCATGCTCATCATGCAGCCGATGCCCATCATGCTCACCATGCAGCTGATGCTCATCAYGCTCATCATGCAGCCGATGCCCATCATGCTCATCATGCAGCCGATGCTCATCATGCAGMTGATGCTCACCATGCAGCTTATGCCCATCACGCTCATCATGCAGMTGATGCTCATCATGCAGCTGATGCTCACCATGCAGCTTATGCCCATCAYGCTCATCATGCAGCTGATGCTCATCATGCAGCCGATGCTCACCATGCAACYGATGCTCATCATGCAGCYGATGCTCACCATGCAVCYGATGCTCATCATGCAGCCGATGCTCACCATGCAGCCGWTGCTCACCATGCAGCCGATGCTCACCATGCAACCGATGCTCATCACGCTCACCATGCAGCCGATGCTCATCATGCAGCCGCACACCATGCAACTGATGCTCACCATGCAGCCGCACACCATGCAA,KRLLHETQAHVDDAHHAHHVADAHHAHHAADAHHAHHAHHAADAHHAHHAADAHHAHHAHHAADAHHAADAHHAHHAADAHHAHHAADAHHAHHAADAHXAHHAADAHHAHHAADAHHAXDAHHAAYAHHAHHAXDAHHAADAHHAAYAHXAHHAADAHHAADAHHAXDAHHAXDAHHAXDAHHAADAHHAAXAHHAADAHHATDAHHAHHAADAHHAAAHHATDAHHAAAHHA,9,9,0,3,0,6,6,6,3,11,0,0,0,0,0,0,0,0,5,0,0,0,0,0
HBab7,AGAGATTATTACACGAAACTCAAGCACATGTAGATGATGCCCATCATGCTCATCATGTAGCCGATGCCCATCATGCTCATCATGCAGCCGATGCCCATCATGCTCATCATGCTCACCATGCAGCYGATGCCCATCACGCTCATCATGCAGCCGATGCCCATCATGCCCATCATGCTCACCATGCAGCTGATGCTCATCATGCAGCCGATGCCCATCATGCTCATCATGCAGCCGATGCCCATCATGCTCATCATGCAGCCGATGCCCATCATGCTCACCATGCAGCTGATGCTCATCAYGCTCATCATGCAGCCGATGCCCATCATGCTCATCATGCAGCCGATGCTCATCATGCAGCTGATGCTCACCATGCAGCTTATGCCCATCAYGCTCATCATGCAGCTGATGCTCATCATGCAGCTGATGCTCACCATGCAGCTTATGCCCATCACGCTCATCATGCAGCTGATGCTCATCATGCAGCYGATGCTCACCATGCA,RLLHETQAHVDDAHHAHHVADAHHAHHAADAHHAHHAHHAXDAHHAHHAADAHHAHHAHHAADAHHAADAHHAHHAADAHHAHHAADAHHAHHAADAHXAHHAADAHHAHHAADAHHAADAHHAAYAHXAHHAADAHHAADAHHAAYAHHAHHAADAHHAXDAHHA,9,9,0,3,0,0,6,6,3,0,0,0,0,0,0,0,0,0,5,0,0,0,0,0
HBab75,AATAAGAGATTATTACACGAAACTCAAGCACATGTAGATGATGCCCATCATGCTCATCATGTAGCCGATGCCCATCACGCTCATCATGTAGCCGATGCCCATCATGCTCATCATGCAGCCGATGCCCATCATGCTCATCATGCAGCCGATGCCCATCATGCTCATCATGCAGCCGATGCCCATCATGCTCATCATGCAGCCGATGCCCATCATGCTCATCATGCAGCCGATGCTCACCATGCAACCGATGCTCATCATGCAGCCGATGCTCACCATGCAGCCGATGCTCATCATGCAGCCGATGCTCACCATGCAGCTGATGCTCACCATGCAGCCGATGCTCACCATGCAGCCGATGCTCATCACGCTCATCATGCAGCCGATGCCCATCATGCTCATCATGCAGCCGATGCCCATCATGCTCATCATGCAGCCGATGCCCATCATGCTCACCATGCAGCTGATGCTCATCACGCTCATCATGCAGCCGATGCCCATCATGCTCATCATGCAGCCTATGCCCATCATGCTCATCATGCATCCGATGCTCATCATGCAGCTGATGCTCACCATGCAGCTTATGCCCATCACGCTCATCATGCAGCTGATGCTCATCATGCAGCCGATGCTCACCATGCAACCGATGCTCATCATGCAGCCGATGCTCACCATGCAACCGATGCTCATCACGCTCACCATGCAGCCGATGCTCATCATGCAGCCGCACACCATGCAACT,NKRLLHETQAHVDDAHHAHHVADAHHAHHVADAHHAHHAADAHHAHHAADAHHAHHAADAHHAHHAADAHHAHHAADAHHATDAHHAADAHHAADAHHAADAHHAADAHHAADAHHAADAHHAHHAADAHHAHHAADAHHAHHAADAHHAHHAADAHHAHHAADAHHAHHAAYAHHAHHASDAHHAADAHHAAYAHHAHHAADAHHAADAHHATDAHHAADAHHATDAHHAHHAADAHHAAAHHAT,9,9,9,3,9,6,6,6,3,0,0,0,6,0,0,0,0,0,5,0,0,0,0,0
HBab80,AATAAGAGATTATTACACGAAACTCAAGCACATGTAGATGATGCCCATCATGCTCATCATGTAGCCGATGCCCATCACGCTCATCATGTAGCCGATGCCCATCATGCTCATCATGCAGCCGATGCCCATCATGCTCATCATGCAGCCGATGCCCATCATGCTCATCATGCAGCCGATGCCCATCATGCTCATCATGCAGCCGATGCCCATCATGCTCATCATGCAGCCGATGCTCAYCATGCAACCGATGCTCATCATGCAGCCGATGCTCACCATGCAGCCGATGCTCATCATGCAGCCGATGCTCACCATGCAGCCGATGCTCACCATGCAGCCGATGCTCAYCATGCAGCCGATGCTCATCAYGCTCATCATGCAGCCGATGCCCATCATGCTCATCATGCAGCCGATGCCCATCATGCTCATCATGCAGCCGATGCCCATCATGCTCACCATGCAGCTGATGCTCATCACGCTCATCATGCAGCCGATGCCCATCATGCTCATCATGCAGCCTATGCCCATCATGCTCATCATGCATCCGATGCTCATCATGCAGCTGATGCTCACCATGCAGCTTATGCCCATCACGCTCATCATGCAGCTGATGCTCATCATGCAGCCGATGCTCACCATGCAACCGATGCTCATCATGCAGCCGATGCTCACCATGCAACCGATGCTCATCACGCTCACCATGCAGCCGATGCTCATCATGCAGCCGCACACCATGCAACTGATG,NKRLLHETQAHVDDAHHAHHVADAHHAHHVADAHHAHHAADAHHAHHAADAHHAHHAADAHHAHHAADAHHAHHAADAXHATDAHHAADAHHAADAHHAADAHHAADAHHAADAXHAADAHXAHHAADAHHAHHAADAHHAHHAADAHHAHHAADAHHAHHAADAHHAHHAAYAHHAHHASDAHHAADAHHAAYAHHAHHAADAHHAADAHHATDAHHAADAHHATDAHHAHHAADAHHAAAHHATD,9,9,9,3,9,6,6,6,3,11,0,0,6,0,0,0,0,0,5,0,0,0,0,0
HBab81,ATTATTACACGAAACTCAAGCACATGTAGATGATGCCCATCATGCTCATCATGTAGCCGATGCCCATCACGCTCATCATGTAGCCGATGCCCATCATGCTCATCATGCAGCCGATGCCCATCATGCTCATCATGCAGCCGATGCCCATCATGCTCATCATGCAGCCGATGCCCATCATGCTCATCATGCAGCCGATGCCCATCATGCTCATCATGCAGCCGATGCTCACCATGCAACCGATGCTCATCATGCAGCCGATGCTCACCATGCAGCCGATGCTCATCATGCAGCCGATGCTCACCATGCAGCCGATGCTCACCATGCAGCCGATGCTCACCATGCAGCCGATGCTCATCACGCTCATCATGCAGCCGATGCCCATCATGCTCATCATGCAGCCGATGCCCATCATGCTCATCATGCAGCCGATGCCCATCATGCTCACCATGCAGCTGATGCTCATCACGCTCATCATGCAGCCGATGCCCATCATGCTCATCATGCAGCCTATGCCCATCATGCTCATCATGCATCCGATGCTCATCATGCAGCTGATGCTCACCATGCAGCTTATGCCCATCACGCTCATCATGCAGCTGATGCTCATCATGCAGCCGATGCTCACCATGCAACCGATGCTCATCATGCAGCCGATGCTCACCATGCAACCGATGCTCATCACGCTCACCATGCAGCCGATGCTCATCATGCAGCCGCACACCATGCAA,LLHETQAHVDDAHHAHHVADAHHAHHVADAHHAHHAADAHHAHHAADAHHAHHAADAHHAHHAADAHHAHHAADAHHATDAHHAADAHHAADAHHAADAHHAADAHHAADAHHAADAHHAHHAADAHHAHHAADAHHAHHAADAHHAHHAADAHHAHHAADAHHAHHAAYAHHAHHASDAHHAADAHHAAYAHHAHHAADAHHAADAHHATDAHHAADAHHATDAHHAHHAADAHHAAAHHA,9,9,9,3,9,6,6,6,3,0,0,0,6,0,0,0,0,0,5,0,0,0,0,0
HShr35,AAGAGATTATTACACGAAACTCAAGCACATGTAGATGATGCCCATCATGCTCATCATGTAGCCGATGCCCATCACGCTCATCATGTAGCCGATGCCCATCATGCTCATCATGCAGCCGATGCCCATCATGCTCATCATGCAGCCGATGCCCATCATGCTCATCATGCAGCCGATGCCCATCATGCTCATCATGCAGCCGATGCTCACCATGCAACCGATGCTCATCATGCAGCCGATGCTCACCATGCASCCSATGCTCATCATGCAGCCGATGCTCACCATGCAGCCGATGCTCATCAYGCTCACCATGCAGCCGATGCTCATCACGCTCATCATGCAGCCGATGCCCATCATGCTCATCATGCAGCCGATGCCCATCATGCTCATCATGCAGCCGATGCCCATCATGCTCACCATGCAGCTGATGCTCATCACGCTCATCATGCAGCCGATGCCCATCATGCTCATCATGCAGCCTATGCCCATCATGCTCATCATGCATCCGATGCTCATCATGCAGCTGATGCTCACCATGCAGCTTATGCCCATCACGCTCATCATGCAGCTGATGCTCATCATGCAGCCGATGCTCACCATGCAACCGATGCTCATCATGCAGCCGATGCTCATCACGCTCACCATGCAGCCGATGCTCACCATGCAACCGATGCTCATCACGCTCACCATGCAGCCGATGCTCATCATGCAGCCGCACACCATGCAACTGATG,KRLLHETQAHVDDAHHAHHVADAHHAHHVADAHHAHHAADAHHAHHAADAHHAHHAADAHHAHHAADAHHATDAHHAADAHHAXXAHHAADAHHAADAHXAHHAADAHHAHHAADAHHAHHAADAHHAHHAADAHHAHHAADAHHAHHAADAHHAHHAAYAHHAHHASDAHHAADAHHAAYAHHAHHAADAHHAADAHHATDAHHAADAHHAHHAADAHHATDAHHAHHAADAHHAAAHHATD,9,9,9,3,9,6,6,6,3,11,0,0,6,0,0,0,0,0,5,0,0,0,0,0
LBab37,AGAGATTATTACACGAAACTCAAGCACATGTAGATGATGCCCATCATGCTCATCATGTAGCCGATGCCCATCATGCTCATCATGTAGCCGATGCCCATCATGCTCATCATGTAGCCGATGCCCATCATGCTCATCATGCAGCCGATGCCCATCATGCTCATCATGCAGCCGATGCCCATCATGCTCATCATGCAGCCTATGCCCATCATGCTCATCATGCAGCCGATGCCCATCACGCTCATCATGCAGCCGATGCCCATCATGCTCACCATGCAGCCGATGCCCATCATGCTCACCATGCAGCTGATGCTCATCACGCTCATCATGCAGCCGATGCCCATCATGCTCATCATGCAGCCGATGCCCATCATGCTCACCATGCAGCTGATGCTCATCACGCTCATCATGCAGCCGATGCCCATCATGCTCATCATGCAGCTGATGCTCATCATGCATCYGATGCTCATCATGCAGMTGATGCTCACCATGCAGCTTATGCCCATCACGCTCATCATGCAGCYGATGCTCACCATGCAACYGATGCTCATCACGCTCACCATGCAGCYGATGCTCACCATGCAACYGATGCTCATCATGCAGCCGATGCTCACCATGCAGCYGATGCTCACCATGCAGCCGATGCTCACCATGCAACCGATGCTCATCACGCTCACCATGCAACTGATGCTCACCATGCAACTGATGCTCACCATGCAGCCGCACACCATGCAACCGATG,RLLHETQAHVDDAHHAHHVADAHHAHHVADAHHAHHVADAHHAHHAADAHHAHHAADAHHAHHAAYAHHAHHAADAHHAHHAADAHHAHHAADAHHAHHAADAHHAHHAADAHHAHHAADAHHAHHAADAHHAHHAADAHHAHHAADAHHAXDAHHAXDAHHAAYAHHAHHAXDAHHAXDAHHAHHAXDAHHAXDAHHAADAHHAXDAHHAADAHHATDAHHAHHATDAHHATDAHHAAAHHATD,9,9,9,3,0,6,6,6,3,11,0,0,0,9,0,0,0,0,5,0,0,0,0,0
LBab56,TTATTACACGAAACTCAAGCACATGTAGATGATGCCCATCATGCTCATCWTGTAGCCGATGCCCATCATGCTCATCATGTAGCCGATGCCCATCATGCTCATCATGCAGCCGATGCCCATCATGCTCATCATGCASCCGATGCCCATCATGCTCATCATGCASCCTATGCCCATCATGCTCATCATGCASCCSATGCCCATCATGCTCATCATGCAGCCGATGCTCACCATGCAGCTGATGCTCACCATGCAGCYGATGCTCACCATGCAGCCGATGCTCACCATGCAGCCGATGCTCACCATGCAGCCGATGCTCACCATGCAGCYGATGCTCACCATGCAGCYGATGCTCACCATGCAGCCGATGCTCATCATGCTCATCATGCAGCCGATGCCCATCATGCTCATCATGCAGCYGATGCCCATCATGCTCATCATGCAGCCGATGCCCATCATGCTCAYCATGCAGCTGATGCTCATCATGCTCATCATGCAGCCGATGCCCATCATGCTCATCATGCAGCYYATGCCCATCATGCTCATCATGCATCYGATGCTCATCATGCAGMTGATGCTCAYCATGCAGMTYATGCCCATCAYGCTCATCATGCAGCTGATGCTCATCATGCAGCYGATGCTCACCATGCAACYGATGCTCATCATGCAGCYGATGCTCACCATGCAACCGATGCTCATCATGCAGCCGATGCTCACCATGCAGCYGATGCTCACCATGCAACCGATGCTCATCACGCTCACCATGCAGCCGATGCTCATCACGCTCACCATGCAGCCGATGCTCATCATGCGGCCGCACACCATGCAACTGATGCTCACCATGCAGCCGCACACCATGCAAC,LLHETQAHVDDAHHAHXVADAHHAHHVADAHHAHHAADAHHAHHAXDAHHAHHAXYAHHAHHAXXAHHAHHAADAHHAADAHHAXDAHHAADAHHAADAHHAADAHHAXDAHHAXDAHHAADAHHAHHAADAHHAHHAXDAHHAHHAADAHHAXHAADAHHAHHAADAHHAHHAXXAHHAHHAXDAHHAXDAXHAXXAHXAHHAADAHHAXDAHHAXDAHHAXDAHHATDAHHAADAHHAXDAHHATDAHHAHHAADAHHAHHAADAHHAAAHHATDAHHAAAHHA,9,9,0,3,0,6,6,0,0,11,0,0,0,0,0,0,0,0,5,0,0,0,0,0
LBab57,ATAAGAGATTATTACACGAAACTCAAGCACATGTAGATGATGCCCATCATGCTCATCATGTAGCCGATGCCCATCATGCTCATCATGTAGCCGATGCCCATCATGCTCATCATGCAGCCGATGCCCATCATGCTCATCATGCAGCCGATGCCCATCATGCTCATCATGCAGCCTATGCCCATCATGCTCATCATGCAGCCGATGCCCATCATGCTCATCATGCAGCCGATGCTCACCATGCAGCCGATGCTCACCATGCAGCCGATGCTCACCATGCAGCCGATGCTCACCATGCAGCCGATGCTCACCATGCAGCCGATGCTCACCATGCAGCCGATGCTCACCATGCAGCCGATGCTCACCATGCAGCCGATGCTCATCAYGCTCATCATGCAGCCGATGCCCATCATGCTCATCATGCAGCCGATGCCCATCATGCTCATCATGCAGCCGATGCCCATCATGCTCACCATGCAGCTGATGCTCATCACGCTCATCATGCAGCCGATGCCCATCATGCTCATCATGCAGCTTATGCCCATCATGCTCATCATGCATCCGATGCTCATCATGCAGCTGATGCTCACCATGCAGCTTATGCCCATCACGCTCATCATGCAGCTGATGCTCATCATGCAGCCGATGCTCACCATGCAACCGATGCTCATCATGCAGCCGATGCTCACCATGCAACCGATGCTCATCATGCAGCCGATGCTCACCATGCAGCCGATGCTCACCATGCAACCGATGCTCATCACGCTCACCATGCAGCCGATGCTCATCACGCTCACCATGCAGCCGATGCTCATCATGCAGCCGCACACCATGCAACTGATGCTCACCATGCAGCCGCACACCATGCAACCGATG,KRLLHETQAHVDDAHHAHHVADAHHAHHVADAHHAHHAADAHHAHHAADAHHAHHAAYAHHAHHAADAHHAHHAADAHHAADAHHAADAHHAADAHHAADAHHAADAHHAADAHHAADAHHAADAHXAHHAADAHHAHHAADAHHAHHAADAHHAHHAADAHHAHHAADAHHAHHAAYAHHAHHASDAHHAADAHHAAYAHHAHHAADAHHAADAHHATDAHHAADAHHATDAHHAADAHHAADAHHATDAHHAHHAADAHHAHHAADAHHAAAHHATDAHHAAAHHATD,9,9,9,3,9,6,6,6,3,11,0,0,6,0,0,0,0,0,5,0,0,0,0,0
LBab67,TTAATTTAAATAAGAGATTATTACACGAAACTCAAGCACATGTAGATGATGCCCATCATGCTCATCATGTAGCCGATGCCCATCATGCTCATCATGTAGCCGATGCCCATCATGCTCATCATGTAGCCGATGCCCATCATGCTCATCATGTAGCCGATGCCCATCATGCTCATCATGCAGCCGATGCCCATCATGCTCATCATGCAGCCGATGCCCATCATGCTCATCATGCAGCCTATGCCCATCATGCTCATCATGCAGCCGATGCCCATCATGCTCATCATGCAGCCGATGCCCATCATGCTCATCATGCAGCCGATGCCCATCATGCTCACCATGCAGCTGATGCTCATCAYGCTCATCATGCAGCCGATGCCCATCATGCTCATCATGCAGCCTATGCCCATCATGCTCATCATGCATCYGATGCTCATCATGCAGMTGATGCTCACCATGCAGCTTATGCCCATCATGCTCATCATGCAGMTGATGCTCATCATGCAGCCGATGCTCACCATGCAACYGATGCTCATCACGCTCACCATGCAACYGATGCTCATCACGCTCACCATGCAGCYGATGCTCATCAYGCTCACCATGCAGCYGATGCTCACCATGCAACCGATGCTCATCATGCAGCYGATGCTCACCATGCAGCYGATGCTCACCATGCAACCGATGCTCATCACGCTCACCATGCAGCCGATGCTCATCATGCAGCCGCACACCATGCAACCG,NLNKRLLHETQAHVDDAHHAHHVADAHHAHHVADAHHAHHVADAHHAHHVADAHHAHHAADAHHAHHAADAHHAHHAAYAHHAHHAADAHHAHHAADAHHAHHAADAHHAHHAADAHXAHHAADAHHAHHAAYAHHAHHAXDAHHAXDAHHAAYAHHAHHAXDAHHAADAHHAXDAHHAHHAXDAHHAHHAXDAHXAHHAXDAHHATDAHHAXDAHHAXDAHHATDAHHAHHAADAHHAAAHHAT,9,9,9,3,0,6,6,6,3,0,0,0,0,0,0,0,0,0,5,0,0,0,0,0
LBab82,TTAAATAAGAGATTATTACACGAAACTCAAGCACATGTAGATGATGCCCATCATGCTCATCATGTAGCCGATGCCCATCATGCTCATCATGTAGCCGATGCCCATCATGCTCATCATGTAGCCGATGCCCATCATGCTCATCATGCAGCCGATGCCCATCATGCTCATCATGCAGCCGATGCCCATCATGCTCATCATGCAGCCGATGCCCATCATGCTCATCATGCTCACCATGCAGCCGATGCCCATCAYGCTCATCATGCAGCCGATGCCCATCATGCTCAYCATGCAGCTGATGCTCATCATGCTCATCATGCAGCCGATGCCCATCATGCTCATCATGCAGCCGATGCCCATCATGCTCATCATGCAGCTGATGCTCATCAYGCTCATCATGCAGCCGATGCCCATCATGCCCATCATGCTCATCATGCAGCCTATGCCCATCATGCTCATCATGCATCYGATGCTCATCATGCAGCTSATGCTCACCATGCAGCTTATGCCCATCAYGCTCATCATGCAGCTGATGCTCATCATGCAGCCGATGCTCACCATGCAGCCGATGCTCATCATGCAGCCGCACACCATGCAACTGATGCTCACCATGCAGCCGCACACCATGCAACCGATG,LNKRLLHETQAHVDDAHHAHHVADAHHAHHVADAHHAHHVADAHHAHHAADAHHAHHAADAHHAHHAADAHHAHHAHHAADAHXAHHAADAHHAXHAADAHHAHHAADAHHAHHAADAHHAHHAADAHXAHHAADAHHAHHAHHAAYAHHAHHAXDAHHAAXAHHAAYAHXAHHAADAHHAADAHHAADAHHAAAHHATDAHHAAAHHATD,9,9,9,3,0,6,6,6,3,11,0,0,0,0,0,0,0,0,5,0,0,0,0,0
HBab9,ATGGCGTAGGCAATGTGTGGCGGGTTGGTGGTGTGCGGCTGCATGGTGAGCATCAGTATGGCGTAGGCAATGTGTGGGGGGTTCGTGGTGTGCGGGTGCATGGTGAGCATCGGTTGCATGGTGTGCGGCTTCATGGTGAGCATCAGTTGCATGGTGTGCGGGTGCATGATGAGCATCGGGTGCATGGTGAGCATCGGCTGCATGATGAGCATCAGGTGCATGATGAGCGTGATGGGCATAAGCTGCATGGTGAGCATCAGGTGCATGATGAGCATCGGATGCATGATGAGCATGATGGGCATAGGCTACATGATGAGCATGATGGGCATCATCTACATGTGCTTGAGTTTCGTGTAATAATCTCTTATTTAAATTAAGTCCTTTTGCATTTTTGCTACACAAGTTATTATTAAATGCGGAATAAATTTAAATTAAGTCCTTTTGCATTTTTGCTACACAAGTTATTATTAAATGCGGAA,IYSAFNNNLCSKNAKGLNLNKRLLHETQAHVDDAHHAHHVAYAHHAHHASDAHHAPDAHHAAYAHHAHHAPDAHHAADAHHAPDAHHAPAHHATDAHHEAAHHATDAHHAPAHHEPPTHCLRHTDAHHAAAHHQPATHCLRH,0,0,0,3,9,6,6,6,3,0,0,0,6,0,0,0,0,0,5,0,0,0,0,0
HBab21,TATTCCGCATTTAATAATAACTTGTCGTAGCAAAAATGCAAAAGGACTTAATTTAAATAAGAGATTATTACACGAAACTCAAGCACATGTAGATGATGCCCATCATGCTCATCATGTAGCCGATGCCCATCATGCTCATCATGTAGCCGATGCCCATCATGCTCATCATGTAGCCGATGCCCATCATGCTCATCATGCAGCCGATGCCCATCATGCTCATCATGCAGCTGATGCTCATCATGCTCATCATGCAGCCGATGCCCATCATGCTCACCATGCAGCTGATGCTCACCATGCAGCTTATGCCCATCACGCTCATCATGCAGCTGATGCTCATCATGCAGCCGATGCTCACCATGCAACCGATGCTCATCACGCTCACCATGCAGCCGATGCTCACCATGCAACCGATGCTCATCATGCAACCGATGCTCACCATGCAGCCGATGCTCATCATGCAGCCGATGCTCACCATGCAGCCGATGCTCACCATGCAACCGATGCTCACCATGCAGCCGCACACCACGAAGCCGCCACACATTGCCTACGCCATA,IPHLIITCRSKNAKGLNLNKRLLHETQAHVDDAHHAHHVADAHHAHHVADAHHAHHVADAHHAHHAADAHHAHHAADAHHAHHAADAHHAHHAADAHHAAYAHHAHHAADAHHAADAHHATDAHHAHHAADAHHATDAHHATDAHHAADAHHAADAHHAADAHHATDAHHAAAHHEAATHCLRH,9,9,0,3,0,6,6,6,3,0,0,13,0,0,0,0,0,0,5,0,0,0,0,0
HBab37,TATTACACGAAACTCAAGCACATGTAGATGATGCCCATCATGCTCATCATGTAGCCGATGCCCATCATGCTCATCATGCTCACCATGCAGCCGATGCCCATCACGCTCATCATGCAGCCGATGCTCATCATGCTCACCATGCAGCCGATGCCCATCACGCTCATCATGCAGCCGATGCCCATCATGCTCACCATGCAGCTGATGCTCATCACGCTCATCATGCAGCCGATGCCCATCATGCTCATCATGCAGCCGATGCCCATCATGCTCACCATGCAGCTGATGCTCATCACGCTCATCATGCAGCCGATGCCCATCATGCTCATCATGCAGCCTATGCCCATCATGCTCATCATGCATCCGATGCTCATCATGCAGCTGATGCTCACCATGCAGCTTATGCCCATCACGCTCATCATGCAGCTGATGCTCATCATGCAGCTGATGCTCACCATGCAGCTTATGCCCATCACGCTCATCATGCAGCTGATGCTCATCATGCAGCCGATGCTCACCATGCAACCGATGCTCATCATGCAGCCGATGCTCACCATGCAACCGATGCTCATCATGCAGCCGATGCTCACCATGCAACCGATGCTCATCATGCAGCCGATGCTCACCATGCAGCCGATGCTCACCATGCAGCCGATGCTCATCACGCTCACCATGCAGCCGATGCTCATCATGCAGCCGCACACCATGCAACTGATGCTCACCATGCAGCCGCACACCATGCA,LHETQAHVDDAHHAHHVADAHHAHHAHHAADAHHAHHAADAHHAHHAADAHHAHHAADAHHAHHAADAHHAHHAADAHHAHHAADAHHAHHAADAHHAHHAADAHHAHHAAYAHHAHHASDAHHAADAHHAAYAHHAHHAADAHHAADAHHAAYAHHAHHAADAHHAADAHHATDAHHAADAHHATDAHHAADAHHATDAHHAADAHHAADAHHAADAHHAHHAADAHHAAAHHATDAHHAAAHHA,9,9,9,3,9,6,6,6,3,11,0,0,6,0,0,0,0,0,5,0,0,0,0,0
LBab1,TATTCCGCATTTTAATAATAACTTGTGTAGCAAAAATGCAAAAGGACTTAATTTAAATAAGAGATTATTACACGAAACTCAAGCACATGTAGATGATGCCCATCATGCTCATCATGTAGCCGATGCCCATCATGCTCATCATGTAGCCGATGCCCATCATGCTCATCATGTAGCCGATGCCCATCATGCTCATCATGCAGCCGATGCCCATCATGCTCATCATGCAGCCGATGCCCATCATGCTCATCATGCAGTCGATGCCCATCATGCTCATCATGCTCACCATGCAGATGATGCCCATCACGCTCATCATGCAGCCGATGCCCATCATGCTCACCATGCAGATGATGCCCATCACGCTCATCATGCAGCCGATGCCCATCATGCTCATCATGCAGCCGATGCCCATCATGCTCACCATGCAGATGATGCTCATCATGCTCATCATGCTCCCCATGCCTATCATGCCCATCATGCTCATCATGCCCTTTATGCCCATCATGCTCATCATGCCTCCSATGCTCATCACGCAGATGATCCTCACCATGMWACTTATGCCCATCACGCTCATCATGCAGCTGATGCTCATCATGCAGCCGATGCTCACCATGCAGCCGATGCTCATCATGCAGCCGCACACCATGCAACTGATGCTCACCATGCAGCCGCACACCATGCAACCGATGCTCACCATGCAGCCGCACACCACGAAGCCGCCACACATTGCCTACGCCATA,IPHFNNNLCSKNAKGLNLNKRLLHETQAHVDDAHHAHHVADAHHAHHVADAHHAHHVADAHHAHHAADAHHAHHAADAHHAHHAVDAHHAHHAHHADDAHHAHHAADAHHAHHADDAHHAHHAADAHHAHHAADAHHAHHADDAHHAHHAPHAYHAHHAHHALYAHHAHHASXAHHADDPHHXTYAHHAHHAADAHHAADAHHAADAHHAAAHHATDAHHAAAHHATDAHHAAAHHEAATHCLRH,9,9,0,3,0,6,6,0,0,11,0,13,0,0,0,0,0,0,5,0,0,0,0,0
LBab30,ATATGGGGTAGGCAATGTGTGGCGGCTTTGTGGTGTGCGACTGCATGGTGAGCATCGGTTGCATGGTGTGCGGCTGCATGGTGAGCATCAGTTGCATGGTGTGCGGCTGCATGATGAGCATCGGCTGCATGGTGAGCATCGGCNGTATGGCGTAGGCAATGTGTGGCGGCTTCGTGGTGTGCGGCTGCATGGTGAGCATCGGTTGCATGGTGTGCGGCTGCATGGTGAGCATCAGTTGCATGGTGTGCGGCTGCATGATGAGCATCGGCTGCATGGTGAGCGTGATGAGCATCGGTTGCATGGTGAGCATCGGCTGCATGGTGAGCATCGGCTGCATGGTGAGCATCGGCTGCATGATGAGCATCGGTTGCATGGTGAGCATSGGCTGCATGATGAGCATCGGGTGCATGATGAGCATCAGCTGCATGATGAGCGTGATGGGCATAAGCTGCATGGTGAGCATCAGGTGCATGATGAGCATCGGATGCATGATGAGCATGATGGGCATAGGCTGCATGATGAGCATGATGGGCATCGGCTGCATGATGAGCATGATGGGCATCGGCTGCATGATGAGCATGATGGGCATCGGCTACATGATGAGCATGATGGGCATCGGCTACATGATGAGCATGATGGGCATCATCTACATGTGCTTGAGTTTCGTGTAATAATCTCTTATTTAAATTAAGTCCTTTTGCATTTTTGCTACACAAGTTATTATTAAGTGCGGAATACTACATGATGAGCATGATGGGCATCGGCTACATGATGAGCATGATGGGCATCATCTACATGTGCTTGAGTTTCGTGTAATAATCTCTTATTTAAATTAAGTCCTTTTGCATTTTTGCTACACAAGTTATTATTAAATGCGGAAT,YSALNNNLCSKNAKGLNLNKRLLHETQAHVDDAHHAHHVADAHHAHHVADAHHAHHAADAHHAHHAADAHHAHHAAYAHHAHHASDAHHAPDAHHAAYAHHAHHAADAHHAPDAHHAAXAHHATDAHHAADAHHAADAHHAADAHHATDAHHAHHAADAHHAAAHHATDAHHAAAHHATDAHHAAAHHEAATHCLRHXADAHHAADAHHAAAHHATDAHHAAAHHATDAHHAVAHHKAATHCLPH,9,9,9,3,9,6,6,6,3,11,0,13,6,0,0,0,0,0,5,0,0,0,0,0
HBab13,TATTACACGAAACTCAAGCACATGTAGATGATGCCCATCATGCTCATCATGTAGCCGATGCCCATCATGCTCATCATGTAGCCGATGCCCATCATGCTCATCATGCAGCCGATGCCCATCATGCTCATCATGCAGCCGATGCCCATCATGCTCATCATGCTCACCATGCCCATCATGCTCATCATGCTCATCATGCYCATCATGCTCATCATGCTCACCATGCACATCATGCTCATCATGCTCATCATGCWCATCATGCTCATCATGCTCATCATGCTCATCATGCTCATCATGCTCAYCATGCHCATCATGCTCATCATGCTCATCATGCTCATCATGCTCATCATGCTCATCATGCTCATCATGCTCATCATGCTCATCATGCTCATCATGCTCATCATGCAGCTGATGCTCATCATGCTCATCATGCTCATCATGCTCATCATGCAGMTGATGCTCATCATGCTCATSATGCTCATCATGCTCATGATGCTCATCATGCTCACCATGCAGCCGATGCTCAYCATGCTCACCATGCTCATCATGCTCACCATGCTCACCATGCTCATCATGCTCACCATGCTCMCCATGCTCACCATGCTCACCATGCTCATCATGCTCATCATGCTCACCATGCTCACGATGCTCACCATGCTCACGATGCTCATCATGCTCACCATGCAGCCGATGCTCATCATGCAGCCGCACACCATGCAACTGATGCTCACCATGCAGCCGCACACCATGCA,LHETQAHVDDAHHAHHVADAHHAHHVADAHHAHHAADAHHAHHAADAHHAHHAHHAHHAHHAHHXHHAHHAHHAHHAHHAHHXHHAHHAHHAHHAHHAXHXHHAHHAHHAHHAHHAHHAHHAHHAHHAHHAHHAADAHHAHHAHHAHHAXDAHHAHXAHHAHDAHHAHHAADAXHAHHAHHAHHAHHAHHAHHAXHAHHAHHAHHAHHAHHAHDAHHAHDAHHAHHAADAHHAAAHHATDAHHAAAHHA,9,9,0,3,0,6,6,0,0,11,0,0,0,0,0,0,0,0,5,0,0,0,0,0
HBab15,TATTACCGAAACTCAGCACATGTAGATGATGCCCATCATGCTCATCATGTAGCCGATGCCCATCATGCTCATCATGTAGCCGATGCCCATCATGCTCATCATGYAGCCGATGCCCATCATGCTCATCATGCAGCCGATGCCCATCATGCTCATCATGCWSACCATGCCCATCATGCTCATCATGCTSATCATGCMCATCATGCTCATCATGCTCACCATGCMCATSATGCTCATCATGCTSATGATGCCCATCATGCTCATCATGCTCATCATGCTCATCATGCTCATCATGCTCAYCATGCTCATCATGCTCATCATGCTCATCATGCTCATCATGCTCATCATGCTCATCATGCTCATCATGCTCATCATGCTCATCATGCTCATCATGCTCATCATGCAGMTGATGCTCATCATGCTCATCATGCWCATCATGCTCATCATGCAGATGATGCTCATCATGCTCATGATGCTCATCATGCTCATGATGCTCATCATGCTCACCATGCASMTGATGCTCATCATGCTCACSATGCTCATCATGCTCACSATGCTCACCATGCTCATCATGCTCACSATGCTCACCATGCTCACCATGCTCATCATGCTCATGATGCTCATCATGCTCACGATGCTCACCATGCTCACGATGCTCACCATGCTCATGATGCTCACCATGCAGCCGATGCTCATCATGCAGCCGCACACCATGCAACCGATGCTCACCATGCAGCCGCACACCATGCA,YYRNSAHVDDAHHAHHVADAHHAHHVADAHHAHHXADAHHAHHAADAHHAHHXXHAHHAHHAXHXHHAHHAHHXHXAHHAXDAHHAHHAHHAHHAHHAXHAHHAHHAHHAHHAHHAHHAHHAHHAHHAHHAHHAXDAHHAHHXHHAHHADDAHHAHDAHHAHDAHHAHHAXDAHHAHXAHHAHXAHHAHHAHXAHHAHHAHHAHDAHHAHDAHHAHDAHHAHDAHHAADAHHAAAHHATDAHHAAAHHA,9,9,0,3,0,6,6,0,0,11,0,0,0,0,0,0,0,0,5,0,0,0,0,0
HBab17,TATTACACGAAACTCAAGCACATGTAGATGATGCCCATCATGCTCATCATGTAGCCGATGCCCATCATGCTCATCATGTAGCCGATGCCCATCATGCTCATCATGCAGCCGATGCCCATCATGCTCATCATGCAGCCGATGCCCATCATGCTCATCATGCTCACCATGCCCATCATGCTCATCATGCTCATCATGCACATCATGCTCATCATGCTCACCATGCACATCATGCTCATCATGCTCATCATGCACATCATGCTCATCATGCTCATCATGCTCATCATGCTCATCATGCTCATCATGCTCATCATGCTCATCATGCTCATCATGCTCATCATGCTCATCATGCTCATCATGCTCATCATGCTCATCATGCTCATCATGCTCATCATGCTCATCATGCAGCTGATGCTCATCATGCTCATCATGCTCATCATGCTCATCATGCAGATCATGCTCATCATGCTCATCATGCTCATCATGCTCATCATGCTCATCATGCTCAYCATGCAGWCGATGCTCATCATGCTCMCCATGCTCATCATGCTCACCATGCTCAYCATGCTCATCATGCTCACCATGCTCACCATGCTCACCATGCTCACCATGCTCATCATGCTCATCATGCTCACCATGCTCACCATGCTCACCATGCTCACCATGCTCATCATGCTCACCATGCAGCCGATGCTCATCATGCAGCCGCACACCATGCAACTGATGCTCACCATGCAGCCGCACACCATGCA,LHETQAHVDDAHHAHHVADAHHAHHVADAHHAHHAADAHHAHHAADAHHAHHAHHAHHAHHAHHAHHAHHAHHAHHAHHAHHAHHAHHAHHAHHAHHAHHAHHAHHAHHAHHAHHAHHAHHAHHAHHAHHAHHAADAHHAHHAHHAHHADHAHHAHHAHHAHHAHHAXHAXDAHHAXHAHHAHHAXHAHHAHHAHHAHHAHHAHHAHHAHHAHHAHHAHHAHHAHHAADAHHAAAHHATDAHHAAAHHA,9,9,0,3,0,6,6,0,0,11,0,0,0,0,0,0,0,0,5,0,0,0,0,0
HBab79,TTAATTTAAATAAGAGATTATTACACGAAACTCAAGCACATGTAGATGATGCCCATCATGCCCCTTATGAAGCCGATGCCCATCATGCTCATCATGTAGCCGATGCCCATCATGCTCATCATGTAGCCGATGCCCATCATGCTCATCATGCAGCCGATGCCCATCATGCTCATCATGCAGCCGATGCCCATCATGCTCATCATGCAGCCTATGCCCATCATGCTCATCATGCAGCCGATGCCCATCACGCTCATCATGCAGCCGATGCCCATCATGCTCACCATGCAGCTGATGCTCATCACGCTCATCATGCAGCCTATGCCCATCATGCTCATCATGCAGCCGATGCCCATCACGCTCATCATGCAGCCGATGCCCATCATGCTCACCATGCAGCTGATGCTCATCACGCTCATCATGCAGCCGATGCCCATCATGCTCATCATGCAGCCGATGCCCATCATGCTCACCATGCAGCTGATGCTCACCATGCAGCTGATGCTCACCATGCAGCTTATGCCCATCACGCTCATCATGCAGCCGATGCCCATCATGCTCATCATGCAGCCGATGCCCATCATGCTCATCATGCAGCCGATGCCCATCATGCTCATCATGCAACCGATGCTCATCACGCTCACCATGCAACCGATGCTCATCATGCAGCCGATGCTCACCATGCAACCGATGCTCATCATGCAGCCGATGCTCACCATGCAACCGATGCTCATCATGCATCCGATGCTCACCATGCAGCCGATGCTCACCATGCAGCGGATGCTCACCATGCAACCGATGCTCATCATGCAGCCGCACACCATGCAACCGATG,NLNKRLLHETQAHVDDAHHAPYEADAHHAHHVADAHHAHHVADAHHAHHAADAHHAHHAADAHHAHHAAYAHHAHHAADAHHAHHAADAHHAHHAADAHHAHHAAYAHHAHHAADAHHAHHAADAHHAHHAADAHHAHHAADAHHAHHAADAHHAHHAADAHHAADAHHAAYAHHAHHAADAHHAHHAADAHHAHHAADAHHAHHATDAHHAHHATDAHHAADAHHATDAHHAADAHHATDAHHASDAHHAADAHHAADAHHATDAHHAAAHHATD,9,9,9,3,0,6,6,6,3,11,0,0,6,9,0,0,0,0,5,0,0,0,0,0
HBab95,TATTACACGAAACTCAAGCACATGTAGATGATGCCCATCATGCTCATCATGTAGCCGATGCCCATCACGCTCATCATGTAGCCGATGCCCATCATGCTCATCATGCAGCCGATGCCCATCATGCTCATCATGCAGCCGATGCCCATCATGCTCATCATGCAGCCGATGCCCATCATGCTCATCATGCAGCCGATGCCCATCATGCTCATCATGCAGCCGATGCTCATCATGCAACTGATGCTCATCATGCAGCCCATGCTCACCATGCAGCCGATGCTCATCATGCAGCCGATGCTCACCATGCAGTATGATGCTCACCATGCAGATGATGCTCTCCATGCAGCCGATGCTCATCATGCTCATCATGCAGCCGATGCCCATCATGCTCATCATGCAGCCGATGCCCATCATGCTCATCATGCAGCCGATGCCCATCATGCTCACCATGCAGCTGATGCTCATCACGCTCATCATGCAGCCGATGCCCATCATGCTCATCATGCAGCCTATGCCCATCATGCTCATCATGCATCTGATGCTCATCATGCAGCTGATGCTCACCATGCAGCTCATGCCCATCACGCTCATCATGCAGCTGATGCTCATCATGCAGCCGATGCTCACCATGCAACCGATGCTCATCATGCAGCTGATGCTCACCATGCAACCGATGCTCATCACGCTCACCATGCAGCCGATGCTCATCATGCAGCCGCACACCATGCA,LHETQAHVDDAHHAHHVADAHHAHHVADAHHAHHAADAHHAHHAADAHHAHHAADAHHAHHAADAHHAHHAADAHHATDAHHAAHAHHAADAHHAADAHHAV,9,9,0,3,0,6,6,0,0,0,0,0,0,0,0,0,0,0,5,0,0,0,0,0
HBab100,TATTTCGGCATTTTATTATAACTTGTGTAGCAAAAATGCAAAAGGACTTAATTTAAATAAGAGATTATTACACGAAACTCAAGCACATGTAGATGATGCCCATCATGCTCATCATGTAGCCGATGCCCATCACGCTCATCATGTAGCCGATGCCCATCATGCTCATCATGCAGCCGATGCCCATCATGCTCATCATGCAGCCGATGCCCATCATGCTCATCATGCAGCCGATGCCCATCATGCTCATCATGCAGCCGATGCCCATCATGCTCATCATGCAGCCGATGCTCACCATGCAACCGATGCTCATCATGCAGCCGATGCTCACCATGCAGCCGATGCTCATCATGCAGCCGATGCTCACCATGCAGCCGATGCTCACCATGCAGCCGATGCTCACCATGCAGCCGATGCTCATCACGCTCATCATGCAGCCGATGCCCATCATGCTCATCATGCAGCCGATGCCCATCATGCTCATCATGCAGCCGATGCCCATCATGCTCACCATGCAGCTGATGCTCATCACGCTCATCATGCAGCCGATGCCCATCATGCTCATCATGCAGCCTATGCCCATCATGCTCATCATGCATCCGATGCTCATCATGCAGCTGATGCTCACCATGCAGCTTATGCCCATCACGCTCATCATGCAGCTGATGCTCATCATGCAGCCGATGCTCACCATGCAACCGATGCTCATCATGCAGCCGATGCTCACCATGCAACCGATGCTCATCACGCTCACCATGCAGCCGATGCTCATCATGCAGCCGCACACCATGCAACTGAATGCTCACCATGCAGCCGCACACCACGAACCCCCCCCACATTGCCCTACCCCCATAA,ISAFYYNLCSKNAKGLNLNKRLLHETQAHVDDAHHAHHVADAHHAHHVADAHHAHHAADAHHAHHAADAHHAHHAADAHHAHHAADAHHAHHAADAHHATDAHHAADAHHAADAHHAADAHHAADAHHAADAHHAADAHHAHHAADAHHAHHAADAHHAHHAADAHHAHHAADAHHAHHAADAHHAHHAAYAHHAHHASDAHHAADAHHAAYAHHAHHAADAHHAADAHHATDAHHAADAHHATDAHHAHHAADAHHAAAHHATECSPCSRTPRTPPTLPYPH,9,9,9,3,9,6,6,6,3,0,0,0,6,0,0,0,0,0,5,0,0,0,0,0
HBab118,ATTATTACACGAAACTCAAGCACATGTAGATGATGCCCATCATGCTCATCATGTAGCCGATGCCCATCATGCTCATCATGTAGCCGATGCCCATCATGCTCATCATGCAGCCGATGCCCATCATGCTCATCATGCAGCCGATGCCCATCATGCTCATCATGCAGCCGATGCCCATCATGCTCATCATGCAGCCGATGCTCACCATGCAACCGATGCTCATCATGCAGCCGATGCTCACCATGCAGCCGATGCTCACCATGCAGCCGATGCTCATCACGCTCACCATGCAGCCGATGCTCATCACGCTCACCATGCAGCCGATGCTCATCACGCTCATCATGCAGCCGATGCCCATCATGCTCATCATGCAGCCGATGCCCATCATGCTCATCATGCAGCCGATGCCCATCATGCTCACCATGCAGCTGATGCTCATCACGCTCATCATGCAGCCGATGCCCATCATGCTCATCATGCAGCCTATGCCCATCATGCTCATCATGCATCCGATGCTCATCATGCAGCTGATGCTCACCATGCAGCTTATGCCCATCACGCTCATCATGCAGCTGATGCTCATCATGCAGCCGATGCTCACCATGCAACCGATGCTCATCATGCAGCCGATGCTCACCATGCAGCCGATGCTCACCATGCAACCGATGCTCATCACGCTCACCATGCAGCCGATGCTCATCATGCAGCCGCACACCATG,LLHETQAHVDDAHHAHHVADAHHAHHVADAHHAHHAADAHHAHHAADAHHAHHAADAHHAHHAADAHHATDAHHAADAHHAADAHHAADAHHAHHAADAHHAHHAADAHHAHHAADAHHAHHAADAHHAHHAADAHHAHHAADAHHAHHAADAHHAHHAAYAHHAHHASDAHHAADAHHAAYAHHAHHAADAHHAADAHHATDAHHAADAHHAADAHHATDAHHAHHAADAHHAAAHH,9,9,9,3,9,6,6,6,3,0,0,0,6,0,0,0,0,0,5,0,0,0,0,0
LBab98,GATTATTACACGAAACTCAAGCACATGTAGATGATGCCCATCATGCTCATCATGTAGCCGATGCCCATCATGCTCATCATGTAGCCGATGCCCATCATGCTCATCATGTAGCCGATGCCCATCATGCTCATCATGCAGCCGATGCCCATCATGCTCATCATGCAGCCGATGCCCATCATGCTCATCATGCAGCCTATGCCCATCATGCTCATCATGCAGCCGATGCCCATCACGCTCATCATGCAGCCGATGCCCATCATGCTCACCATGCAGCCGATGCCCATCATGCTCACCATGCAGCTGATGCTCATCACGCTCATCATGCAGCCGATGCCCATCATGCTCATCATGCAGCCGATGCCCATCATGCTCACCATGCAGCTGATGCTCATCACGCTCATCATGCAGCCGATGCCCATCATGCTCATCATGCAGCTGATGCTCATCATGCATCCGATGCTCATCATGCAGCTGATGCTCACCATGCAGCTTATGCCCATCACGCTCATCATGCAGCCGATGCTCACCATGCAACCGATGCTCATCACGCTCACCATGCAGCCGATGCTCACCATGCAACCGATGCTCATCATGCAGCCGATGCTCACCATGCAGCCGATGCTCACCATGCAGCCGATGCTCACCATGCAACCGATGCTCATCACGCTCACCATGCAACTGATGCTCACCATGCAACTGATGCTCACCATGCAGCCGCACAC,LLHETQAHVDDAHHAHHVADAHHAHHVADAHHAHHVADAHHAHHAADAHHAHHAADAHHAHHAAYAHHAHHAADAHHAHHAADAHHAHHAADAHHAHHAADAHHAHHAADAHHAHHAADAHHAHHAADAHHAHHAADAHHAHHAADAHHASDAHHAADAHHAAYAHHAHHAADAHHATDAHHAHHAADAHHATDAHHAADAHHAADAHHAADAHHATDAHHAHHATDAHHATDAHHAAAH,9,9,9,3,0,6,6,6,3,0,0,0,6,9,0,0,0,0,5,0,0,0,0,0
HKum9,TATTCCGCATTTAATAATAACTTGTGTAGCAAAAATGCAAAAGGACTTAATTTAAATAAGAGATTATTACACGAAACTCAAGCACATGTAGATGATGCCCATCATGCTCATCATGTAGCCGATGCCCATCATGCTCATCATGTAGCCGATGCCCATCATGCTCATCATGTAGCCGATGCCCATCTATTCCGCATTTAATAATAACTTGTGTAGCAAAAATGCAAAAGGACTTAATTTAAATAAGAGATTATTACACGAAACTCAAGCACATGTAGCCGATGCCCATCATGCTCATCATGCAGCCGATGCCCATCATGCTCATCATGCAACCGATGCTCTTCATGCAGCCGATGCTCACCATGCAACCGATGCTCACCATGCAGCCGCACACCACCAAGCTGCCACACATTGCCTACGCCATAATGCTCACCATGCAGCTGATGCTCATCACGCTCATCATGCAGCCGATGCTCACCATGCAGCCGATGCTCATCATGCAGCCGCACACCATGCAACTGATGCTCACCATGCAGCCGCACACCATGCAACCGATGCTCACCATGCAGCCGCACACCACGAAGCCGCCACACATTGCCTACGCCATA,YSAFNNNLCSKNAKGLNLNKRLLHETQAHVDDAHHAHHVADAHHAHHVADAHHAHHVADAHLFRI,9,0,0,3,0,0,0,0,0,0,0,0,0,0,0,0,0,0,0,0,0,0,0,0
